,protein,f100_mean_ener,binder
2806,GRSECHTIQELRRIGDEFNAYY,-11.772294958211148,True
2813,GRSECDAGQELARIGDEFNAYY,-11.738198275894392,True
1395,GQWVREISAYLRRIADIINAQF,-11.728218119921813,True
1213,GQWLREFGAQLARFGDDLDAQA,-11.725155069269354,True
1536,GRTECHIIQELVRIGDEVDAYY,-11.71826014394393,True
1529,GRTECQIGQELIRIGDEYDAYY,-11.710044600484753,True
1895,GRPIIWYAQELRRVGDEFDKYS,-11.694293753950049,True
1064,GQWMRELGAQLARIGDYLIEQC,-11.68250823187444,True
2745,GRGECQVSQELRRIGDEAEAYY,-11.682026437384565,True
2849,GRWEAEIGQELGRIGDEVEAYY,-11.66827534017457,True
1993,GRPHIWIAQELIRIGDEFDAYH,-11.656731702462116,True
2747,GRGECEISQELKRIGDEHNAYY,-11.65610032548168,True
1393,GQWVREISASLRRIADLLNAQF,-11.654265517099311,True
558,GRPAIWIGQDLRRLGDVLNAYF,-11.648330224783964,True
2421,GRPEIWIAQELRRIGDEFNTYN,-11.641614864290002,True
2389,GRPESDVAQELRRIGDEIEAYY,-11.639848314770186,True
3336,GQWIREIAADLRRLADLFNAQL,-11.636183673259922,True
1334,GQWACQTAAQLRRMADDIEAQY,-11.634961392543724,True
4017,GQWVREIAAYLRRLADVLNAQF,-11.633036317073966,True
3671,GQWLREIGAQLRRFGDDLITQN,-11.632660365431777,True
1365,GQWVREIAAYLRRIADLLNAQV,-11.631962465530586,True
1623,GRRECHVVQELIRIGDEINAYY,-11.629385253127758,True
2808,GRSECHISQELVRIGDEFDAYY,-11.628734876665096,True
980,GQWIREIAACLRRFADEVNAQF,-11.628571754648863,True
3468,GQWMRELGAQLARIGDDLIKQY,-11.625859695067025,True
2886,GRWECHAGQELKRIGDEVEAYY,-11.625801072086565,True
932,GQWTREIAACLRRVADLINAQA,-11.624655457854296,True
2834,GRWEREIAQELIRIGDEIQAYY,-11.624015221223877,True
2762,GRSEHDAAQELRRIGDEIDAYY,-11.621761897824454,True
3379,GQWIREISAVLRRIADEINAQV,-11.621337607464785,True
3344,GQWIREIGAGLRRIADIINAQF,-11.61915346955618,True
1633,GRREFDIAQELARIGDETDAYY,-11.615510840080145,True
3791,GQWEREISAFLRRLADLLNAQP,-11.615394634871766,True
2731,GRGEGEISQELARIGDEIDAYY,-11.614027366228507,True
1078,GQWMREFGAQLARIGDDLVKQS,-11.609645263223165,True
1593,GRREDEVSQELRRIGDEIEAYY,-11.609049192911057,True
688,GRREDQIAQELGRIGDEVDAYY,-11.607887495805635,True
3340,GQWIREIAAYLRRFADEINAQL,-11.605988651608007,True
2661,GRRECDVGQELGRIGDEAEAYY,-11.60534399413584,True
2868,GRWEYHIGQELGRIGDEFDAYY,-11.597747439528735,True
991,GQWIREIGAFLRRIADLLNAQL,-11.59718635669857,True
1584,GRRELEIAQELIRIGDEYDAYY,-11.596649145547016,True
403,GRPEIWIGQCLRRAGDDVNAYF,-11.595320488057597,True
798,GRWEVQISQELRRIGDEFNAYY,-11.595064477266975,True
2690,GRAECQVSQELKRIGDEVDAYY,-11.594366625685275,True
2881,GRWECHISQELKRIGDEFNAYY,-11.593246072957132,True
2860,GRWEVHIGQELRRIGDENDAYY,-11.592088944024177,True
3118,GQGACQIGAQLIRMADDLEAQY,-11.588307909782126,True
2905,GRWEFDAAQELARIGDELDAYY,-11.587913339403828,True
1629,GRRECDVSQELRRIGDEHHAYY,-11.587728636243234,True
3374,GQWIREISAILRRLADLFNAQF,-11.58384780048354,True
2744,GRGECQTGQELKRIGDETEAYY,-11.583626601926007,True
986,GQWIREIGALLRRIADMFNAQF,-11.583119247951196,True
503,GRPERHIGQELIRIGDELDAYY,-11.57984677115053,True
884,GQGACQISAQLVRMADDLEAQY,-11.579247910179568,True
2894,GRWECDIAQELVRIGDELKAYY,-11.578946148657485,True
2871,GRWEYEIGQELRRIGDEHQAYY,-11.578072595894454,True
1539,GRTECHIVQELKRIGDEYNAYY,-11.576040649784167,True
1074,GQWMREFGAQLRRLADDLDAQY,-11.574844512814188,True
754,GRSELDIGQELARIGDEYDAYY,-11.57269906432414,True
2709,GRAEFDIAQELVRIGDEVEAYY,-11.572279262765724,True
2692,GRAECHVAQELKRIGDEYDAYY,-11.571108793312053,True
2887,GRWECHVAQELGRIGDEHDAYY,-11.569537738951745,True
1540,GRTECHIVQELKRIGDEFDAYY,-11.565097335546925,True
340,GRPLIWVAQELARLGDEFDKYG,-11.564514891823228,True
4029,GQWVREIGAYLRRIADLVNAQI,-11.564158810223848,True
18,GRTECHAVQELKRIGDEFDAYY,-11.563889069801359,True
166,GRPIIWIAQELIRIGDEFNTYD,-11.563404274059115,True
2372,GRPEPQIGQELGRIGDELEAYY,-11.563211172244628,True
123,GRPIIWIGQCLRRFGDNYNAYL,-11.562977919428038,True
517,GRPECHIVQELKRIGDELNAYY,-11.562341788338035,True
2748,GRGECEISQELIRIGDEFHAYY,-11.559977288163314,True
709,GRAEVHIAQELGRIGDEVNAYY,-11.55939267875667,True
4030,GQWVREIGAYLRRLADQVNAQA,-11.558256208023158,True
2420,GRPEIWIAQELRRIADEFLAYD,-11.557011130314214,True
2811,GRSECDISQELRRIGDEDEAYY,-11.556871203181164,True
2845,GRWEDDIIQELRRIGDEVNAYY,-11.55677775677495,True
815,GRWESDIAQELRRIGDESDAYY,-11.555530816438402,True
1554,GRTECDIIQELGRIGDEIEAYY,-11.554995461877553,True
2809,GRSECHIIQELKRIGDEFNAYY,-11.553167426550074,True
2657,GRRECHIIQELRRIGDEYNAYY,-11.55017239849365,True
2883,GRWECHIVQELRRIGDEHEAYY,-11.545048401716285,True
38,GRREYDIVQELRRIGDELDAYY,-11.542111179729481,True
3409,GQWIREIGAQLRRIADDLITQT,-11.541958643444145,True
2392,GRPECHVIQELRRIGDEVQAYY,-11.540445831275976,True
2397,GRPECDVAQELRRIGDELNAYY,-11.539885415873359,True
2699,GRAECDITQELIRIGDEAEAYY,-11.537573118606298,True
1370,GQWVREIGAILRRLADVLNAQF,-11.537074397867878,True
3628,GQWLREIYAYLRRIADEINAQA,-11.53560593934753,True
1068,GQWMREVGAQLRRIGDDLIKQS,-11.533932007837446,True
652,GRPVIWFAQELRRLGDEFDEYH,-11.533914092719936,True
2781,GRSEADIAQELIRIGDELHAYY,-11.532444362124956,True
591,GRPVIWIAQGLRRFGDLYNAYF,-11.532119045652244,True
1273,GQWAREIAADLRRIADIFNAQI,-11.530128388057992,True
35,GRREGDIAQELARIGDEIEAYY,-11.523992242180537,True
11,GRTEVDIAQELIRIGDEVEAYY,-11.52370666544691,True
987,GQWIREIGALLRRIADVLNAQL,-11.522866586797578,True
1127,GQWLREIAAYLRRIADIYNAQA,-11.521249476507654,True
1972,GRPQIWIGQFLRRVGDLLNAYI,-11.519762679031405,True
2889,GRWECHVVQELIRIGDEVNAYY,-11.519761726338075,True
2337,GRPEIWIGQGLRRVGDEFNAYT,-11.519374011624913,True
44,GRREFEIVQELRRIGDELDAYY,-11.519230952105888,True
553,GRPAIWIAQILRRFGDMFNAYS,-11.51834969280314,True
803,GRWEVDIIQELRRIGDEVEAYY,-11.516720862528947,True
789,GRWEAQISQELVRIGDEIEAYY,-11.515689080773175,True
3121,GQGACEIIAQLRRMADDINAQY,-11.51100578826905,True
929,GQWTREIAALLRRLADIVNAQI,-11.506832218311468,True
1369,GQWVREIAAFLRRCADLINAQL,-11.502882238241227,True
1453,GQWVREFGAQLGRYGDDLNAQY,-11.502606448743586,True
213,GRPQIWIAQCLRRFGDMYNAYT,-11.502311017413149,True
3279,GQWTREIAALLRRIADMVNAQV,-11.5013768370781,True
3347,GQWIREIGACLRRFADELNAQI,-11.501254585224796,True
2878,GRWECQIGQELKRIGDEFHAYY,-11.497347284704851,True
710,GRAEVDIIQELRRIGDEIEAYY,-11.496998229108105,True
927,GQWTREIAANLRRIADELNAQF,-11.495848952105545,True
2956,GQTACDISAQLTRMADDVEAQY,-11.491352855546316,True
4149,GQWVCEFGAQLVRYGDDLIAQN,-11.490150770997136,True
1455,GRWERETGQELRRIGDEIDAYY,-11.48747357970829,True
1281,GQWAREIYAILRRIADELNAQI,-11.486704646182606,True
521,GRPECDIGQELKRIGDEDDAYY,-11.482817363364436,True
3337,GQWIREIAAGLRRLADKFNAQF,-11.478721299383798,True
779,GRWEPEVAQELRRIGDEVEAYY,-11.476935658255861,True
2890,GRWECETTQELRRIGDEVEAYY,-11.47555803231972,True
167,GRPIIWIAQELIRIGDEFTKYT,-11.472480396593125,True
1435,GQWVREIGAQLRRFGDDLAEQC,-11.471196432412714,True
1359,GQWVREIAASLRRIADKFNAQL,-11.471149426383333,True
3125,GQGACDIIAQLIRMADDVDAQY,-11.470122993606456,True
800,GRWEVQVSQELARIGDELDAYY,-11.469011751660824,True
1006,GQWIREISACLRRIADDYNAQF,-11.466394349558275,True
1226,GQWEREIGAGLRRVADEVNAQA,-11.464891240555243,True
1552,GRTECEVSQELIRIGDEFEAYY,-11.4608669703054,True
637,GRPVIWIAQELARLGDEFLTYT,-11.460252359821755,True
168,GRPIIWIAQELIRVGDEFNEYS,-11.459532201574447,True
526,GRPDIWIAQELRRIADEFNTYA,-11.458235544825495,True
2697,GRAECEVIQELKRIGDEFEAYY,-11.456977808765034,True
519,GRPECHVAQELRRIGDEYEAYY,-11.45578398394871,True
2387,GRPESEISQELKRIGDEFNAYY,-11.45444517019657,True
786,GRWELHIVQELKRIGDELEAYY,-11.453614118202255,True
712,GRAESEIGQELKRIGDEFNAYY,-11.453005377169125,True
312,GRPLIWIAQELARYGDEFNAYY,-11.45226672464264,True
2880,GRWECHITQELIRIGDELEAYY,-11.44997608428762,True
329,GRPLIWIAQELIRIGDEFDAYA,-11.448196014454446,True
405,GRPEIWIGQFLRRLGDVFNAYF,-11.448152527269974,True
2329,GRPEIWIAQCLRRFGDLVNAYT,-11.447904632239391,True
1617,GRRECQIVQELRRIGDENKAYY,-11.447038613375044,True
1340,GQWACDIIAQLIRMADDYEAQY,-11.446435698656078,True
221,GRPQIWIGESLRRFGDDLNAYI,-11.443512689373419,True
1306,GQWALQIGAQLRRMADDVDAQY,-11.44335953826877,True
1124,GQWLREIAANLRRAADKINAQV,-11.441748526811475,True
1998,GRPHIWIAQELARIADEFLEYC,-11.44016926533576,True
2796,GRSESQIGQELGRIGDEVEAYY,-11.437727762345185,True
1039,GQWIRELGAQLARSGDDLTKQH,-11.436845813616257,True
928,GQWTREIAAILRRIADDYNAQV,-11.43595289912384,True
1778,GRPIIWIAQGLRRIGDEFNAYL,-11.4357651163626,True
1052,GQWIREFGAQLARLGDDLTAQT,-11.433886872091039,True
1581,GRRERDIAQELARIGDEVNAYY,-11.433823633210508,True
2839,GRWELQIVQELRRIGDEVDAYY,-11.429834739301267,True
2812,GRSECDIGQELARIGDEFNAYY,-11.42847576492745,True
3790,GQWEREISAFLRRLADILNAQT,-11.427028823039198,True
175,GRPIIWLAQELARVGDEFNAYS,-11.426343752921376,True
3341,GQWIREIAACLRRIADNFNAQI,-11.424787404689082,True
1429,GQWVREYGAQLARVGDDLDAQY,-11.42387961846787,True
2843,GRWEDHVAQELKRIGDEVNAYY,-11.423417684157725,True
2910,GCPQIWIGQDLRRIGDQSNAYV,-11.423356633176414,True
1525,GRTEYDIIQELRRIGDEIDAYY,-11.42081480725925,True
1413,GQWVREIGAQLGRIGDDLHKQH,-11.4199516730213,True
164,GRPIIWIAQELRRYADEFLKYY,-11.418432477429048,True
680,GRRERQIAQELRRIGDEAQAYY,-11.418379405288789,True
2888,GRWECHVGQELGRIGDESEAYY,-11.417772274002955,True
593,GRPVIWIAQCLRRTGDVLNAYP,-11.416373348727882,True
1596,GRREAQIVQELRRIGDEYDAYY,-11.41020057188511,True
2247,GRPEIWIAQELIRIGDEFNTYD,-11.409594582862425,True
1615,GRRECQISQELVRIGDEANAYY,-11.408602900792484,True
1869,GRPIIWIAQELGRLADEFDAYY,-11.40682061024193,True
1420,GQWVRELGAQLRRIADDLNTQT,-11.402728864582825,True
2707,GRAEFHVGQELRRIGDEFDAYY,-11.402479617490757,True
1201,GQWLRELGAQLARHGDDLAAQA,-11.399489130430007,True
2504,GRPVIWIGQYLRHAGDELNAYI,-11.39946075112785,True
586,GRPVIWIAQILRRLGDIINAYF,-11.398721697512276,True
1058,GQWMREIGAQLARAGDDLVKQS,-11.394329068174565,True
1125,GQWLREIAADLRRVADVVNAQI,-11.394023297064983,True
813,GRWESHIVQELRRIGDEVQAYY,-11.387834036764682,True
1495,GRTEPDIGQELKRIGDELEAYY,-11.38586343579803,True
1534,GRTECHIIQELTRIGDEYNAYY,-11.38358398668625,True
2746,GRGECHITQELIRIGDELQAYY,-11.381274103947005,True
1279,GQWAREIGAYLRRLADNYNAQV,-11.380821418160709,True
1009,GQWIREISAFLRRLADEVNAQL,-11.374975235851426,True
3659,GQWLREICAVLRRIADDVNAQI,-11.370294439342446,True
1109,GQWQREIGAQLARLGDDLVAQS,-11.369265377319676,True
185,GRPIIWFAQELRRIGDEFTKYY,-11.368823966246753,True
1368,GQWVREIAAFLRRIADVLNAQP,-11.367401698262254,True
740,GRGECDTIQELRRIGDEVHAYY,-11.365477534772374,True
1394,GQWVREISAYLRRIADMFNAQV,-11.364996602720849,True
165,GRPIIWIAQELRRFADEFIEYD,-11.362424206720698,True
1379,GQWVREIGAYLRRLADDVNAQF,-11.359907292005039,True
829,SQWTREIGACLRRIADVLNAQI,-11.353520408300549,True
180,GRPIIWVAQELARIGDEFAAYY,-11.35202387695471,True
936,GQWTREIAAFLRRLADQYNAQV,-11.351015465453324,True
1122,GQWPREIGACLRRIADNINAQA,-11.349859329278756,True
1404,GQWVREICAVLRRLADQLNAQV,-11.342066404310108,True
687,GRRELDVSQELRRIGDEVDAYY,-11.341241127161696,True
1008,GQWIREISAFLRRIADVFNAQF,-11.340279709894155,True
913,GQWNRELGAQLRRIGDDLTKQN,-11.337994879350063,True
540,GRPEIWIAQELIRVADEFLKYG,-11.337331225978895,True
719,GRAEFDIIQELRRIGDEYDAYY,-11.335056161804886,True
249,GRPQIWLAQELARLGDEFAALW,-11.334785093697267,True
273,GRPLIWIGQSLRRLGDMINAYI,-11.334620885414605,True
561,GRPAIWIYQILRRIGDDLNAYL,-11.328673566416418,True
2930,GQWEREISAYLRRFADEINAQF,-11.328317364943702,True
660,GRPVIWIAQELARIADEFLAYT,-11.326553658829145,True
1258,GQWDREVGAQLRRVGDDLDEQA,-11.32433702778199,True
233,GRPHIWIAQELRRSGDEFNAYH,-11.324007645574227,True
39,GRRECQIIQELKRIGDEYHAYY,-11.323637420684744,True
641,GRPVIWLAQELRRLADEFVTYS,-11.319821528629724,True
706,GRAERDIGQELVRIGDELDAYY,-11.317874890862312,True
555,GRPAIWIAQGLRRIGDNVNAYP,-11.317155251124241,True
1170,GQWLREIGAQLRRYGDDLLKQC,-11.316492769312639,True
1001,GQWIREISALLRRFADVLNAQV,-11.316067446317787,True
1376,GQWVREIGAGLRRIADDANAQP,-11.314237756498034,True
1195,GQWLREIGAQLGRLGDDLIAQA,-11.313818295656509,True
2885,GRWECHAIQELKRIGDELQAYY,-11.313395557209349,True
401,GRPEIWIGQGLRRLGDHFNAYI,-11.312628990940118,True
3688,GQWLRELGAQLARCGDDLDAQP,-11.308335450457733,True
3467,GQWMRELGAQLARIADDLDEQC,-11.30721450938868,True
1396,GQWVREISAYLRRLADNINAQA,-11.303865110170735,True
1242,GQWEREISAYLRRLADHLNAQV,-11.302802745128693,True
1192,GQWLREIGAQLARSGDDLLAQA,-11.302379682870704,True
2897,GRWEFQVAQELVRIGDETDAYY,-11.298153936402318,True
707,GRAELQVGQELKRIGDEVDAYY,-11.29793514596778,True
1089,GQWQREIGARLRRIADEVNAQI,-11.296737935103636,True
1131,GQWLREIAAFLRRSADLLNAQL,-11.291623869650495,True
720,GRAEFDIVQELRRIGDEVEAYY,-11.290686280965991,True
2859,GRWEVQVSQELARIGDEFNAYY,-11.290073631464145,True
590,GRPVIWIAQDLRRAGDMINAYV,-11.290019229999885,True
939,GQWTREIGASLRRIADEFNAQF,-11.288898171927862,True
1053,GQWIREFGAQLARVADDLIAQY,-11.286821728189919,True
976,GQWIREIAAILRRCADLINAQL,-11.286777749817137,True
1421,GQWVRELGAQLIRIGDDLDAQT,-11.286347767111485,True
398,GRPEIWIAQFLRRFGDQVNAYV,-11.285746870516718,True
896,GQSACHIAAQLTRMADDYDAQY,-11.284925217617435,True
3498,GQWMREFGAQLARIGDDLIKQC,-11.28482555799552,True
1347,GQWAFQVSAQLRRMADDLEAQY,-11.280407388852998,True
1424,GQWVRELGAQLARCGDDLITQA,-11.279844719553276,True
31,GRRELHIGQELRRIGDELHAYY,-11.275986205504726,True
794,GRWEGQIAQELKRIGDEVQAYY,-11.275930798307586,True
404,GRPEIWIGQFLRRLGDEHNAYA,-11.275036882935936,True
2309,GRPEIWIAQELARYGDEFNAYY,-11.274101455763695,True
1042,GQWIRELGAQLGRIGDDLAEQC,-11.273365690556538,True
644,GRPVIWLAQELIRIGDEFDTYC,-11.273020595059483,True
667,GRPVIWLAQELARIGDEFIEYC,-11.2710430902274,True
293,GRPLIWICQILRRIGDEVNAYF,-11.26818264546592,True
711,GRAEYEIAQELKRIGDESEAYY,-11.267833083751707,True
1377,GQWVREIGAVLRRLADLVNAQV,-11.266473521479757,True
1276,GQWAREIAAFLRRTADEVNAQF,-11.265965456526356,True
1278,GQWAREIGAYLRRLADKNNAQV,-11.262715612756436,True
851,GQPACQTIAQLIRMADDHEAQY,-11.259396650416395,True
539,GRPEIWIAQELRRYGDEFLEYG,-11.257278756427727,True
1372,GQWVREIGADLRRIADVFNAQF,-11.255372551171222,True
295,GRPLIWICQDLRRAGDVLNAYI,-11.252099164259286,True
1038,GQWIRELGAQLARSGDDLNTQG,-11.252029313351532,True
1005,GQWIREISACLRRIADLYNAQV,-11.250631652500168,True
1360,GQWVREIAASLRRAADLINAQL,-11.250333401060596,True
3184,GQSACDAAAQLRRMADDYNAQY,-11.248499214501868,True
1338,GQWACEAGAQLRRMADDTDAQY,-11.245290664562447,True
42,GRRECEIGQELGRIGDEAKAYY,-11.244288335331305,True
587,GRPVIWIAQILRRFGDLFNAYF,-11.244001132745696,True
1079,GQWMREFGAQLARLGDDLDEQC,-11.239938434656075,True
197,GRPMIWLAQELRRLGDEFHAYR,-11.23671965237428,True
692,GRREDEISQELVRIGDEIEAYY,-11.235754302611362,True
1316,GQWAADISAQLRRMADDFEAQY,-11.235484483583116,True
235,GRPHIWLAQELRRVGDEFLKYH,-11.234050590117027,True
512,GRPESQIAQELIRIGDEFQAYY,-11.233292666307104,True
4023,GQWVREIGAILRRIADNYNAQF,-11.230142092993507,True
1129,GQWLREIAAYLRRVADVLNAQS,-11.230064598447354,True
174,GRPIIWLAQELIRIADEFDEYH,-11.229720401712783,True
1450,GQWVREFGAQLRRIGDDLLKQY,-11.22878619328178,True
1130,GQWLREIAACLRRAADMFNAQF,-11.22811526249381,True
3095,GQAAFDIAAQLRRMADDFNAQY,-11.227721625226991,True
4118,GQWVRELGAQLARFGDDLLKQG,-11.227086657233848,True
805,GRWEYHISQELARIGDEIQAYY,-11.224335505444376,True
1218,GQWEREIAALLRRIADLYNAQI,-11.222076780538888,True
2701,GRAECDIVQELVRIGDEHNAYY,-11.221246137731487,True
981,GQWIREIGANLRRLADMVNAQF,-11.22101106925345,True
1444,GQWVREVGAQLRRYGDDLTEQS,-11.220159214578134,True
897,GQSACEAIAQLIRMADDLNAQY,-11.219080721718761,True
2248,GRPEIWIAQELIRIGDEFTKYT,-11.216434659884467,True
190,GRPMIWIAQELRRVADEFDAYR,-11.215310110418956,True
1154,GQWLREISACLRRIADQYNAQL,-11.212821550686153,True
682,GRRERHVGQELRRIGDEYNAYY,-11.212777176149237,True
1155,GQWLREICAILRRLADDVNAQF,-11.212366588771904,True
1134,GQWLREIGAGLRRVADMVNAQL,-11.208199872142629,True
1216,GQWEREIAANLRRIADDVNAQI,-11.207750998737543,True
1126,GQWLREIAAGLRRGADEVNAQA,-11.206592519738297,True
806,GRWEYHVGQELARIGDEADAYY,-11.206368377242887,True
4027,GQWVREIGAGLRRAADEANAQV,-11.205912884419119,True
395,GRPEIWIAQGLRRFGDMYNAYS,-11.205078321490479,True
3076,GQAACEISAQLRRMADDLKAQY,-11.203356675714288,True
43,GRREFQVGQELARIGDEIEAYY,-11.203205012365498,True
3917,GQWAHEISAQLRRMADDIQAQY,-11.202510211270605,True
3741,GQWLREFGAQLRRYGDDLAAQS,-11.201962828779633,True
2668,GRAEHEISQELRRIGDESEAYY,-11.201339630074893,True
801,GRWEVHIAQELARIGDEAEAYY,-11.201032616384985,True
4014,GQWVREIAAGLRRTADEVNAQA,-11.199450467004402,True
3770,GQWEREIGACLRRVADKFNAQV,-11.199093275938782,True
3694,GQWLREVGAQLRRAGDDLAKQA,-11.197867780758244,True
3715,GQWLREIGAQLRRFADDLNAQY,-11.1970862537584,True
871,GQAAVDIAAQLGRMADDLNAQY,-11.192993896813366,True
1439,GQWVREIGAQLVRIGDDLAAQG,-11.192899358772994,True
2739,GRGEYQISQELARIGDELHAYY,-11.192736659804117,True
899,GQSACEVIAQLRRMADDVQAQY,-11.191917887023287,True
1152,GQWLREISAVLRRLADVVNAQV,-11.191646114621662,True
620,GRPVIWICQSLRRVGDQVNAYF,-11.190881018065625,True
264,GRPPIWISQCLRRLGDELNAYV,-11.190560670181414,True
2801,GRSECQVSQELARIGDEYHAYY,-11.190548904248717,True
816,GRWECQTGQELRRIGDEFKAYY,-11.188767914644625,True
515,GRPECQVIQELVRIGDELHAYY,-11.185896751015957,True
2312,GRPEIWIAQELVRIGDEINAYY,-11.184879630917568,True
1371,GQWVREIGALLRRIADNINAQA,-11.1832062220854,True
1224,GQWEREIGAILRRIADKFNAQF,-11.180750437017062,True
826,GRWEFDIAQELARIGDEAEAYY,-11.178898437349662,True
1410,GQWVREIGAQLRRCGDDLVEQA,-11.17793695483854,True
1225,GQWEREIGALLRRIADVINAQA,-11.17741281342804,True
296,GRPLIWICQDLRRFGDLLNAYV,-11.176939062324298,True
1136,GQWLREIGAYLRRAADELNAQT,-11.174535124941634,True
2814,GRSECDVGQELIRIGDEVQAYY,-11.173875669674663,True
3499,GQWMREFGAQLARIGDDLVKQP,-11.173663708040623,True
979,GQWIREIAACLRRVADQYNAQA,-11.171550574911901,True
3872,GQWAREIAAGLRRTADDINAQI,-11.171448400253329,True
3415,GQWIREIGAQLVRVGDDLDKQG,-11.171281452955286,True
1142,GQWLREIYAYLRRFADLLNAQV,-11.169694602066933,True
392,GRPEIWIAQHLRRFGDQYNAYL,-11.16906149020869,True
2660,GRRECETGQELGRIGDEADAYY,-11.169020173845816,True
1080,GQWMREFGAQLARLGDDLAEQT,-11.168120809386,True
1228,GQWEREIGAVLRRLADLLNAQA,-11.168017032096602,True
2951,GQTASEIAAQLVRMADDVEAQY,-11.167491319355957,True
3575,GQWPREIAACLRRVADQFNAQA,-11.166479838836002,True
2893,GRWECDIIQELVRIGDEYQAYY,-11.166430804986415,True
1412,GQWVREIGAQLARSGDDLTAQR,-11.165737824607762,True
934,GQWTREIAAFLRRIADIFNAQL,-11.164285282064913,True
163,GRPIIWIAQELRRVADEFTTYA,-11.161967088172965,True
116,GRPIIWIGQVLRRFGDMLNAYI,-11.160805415614412,True
4130,GQWVREVGAQLARAGDDLIEQH,-11.160763416890465,True
1191,GQWLREIGAQLRRIADDLIEQC,-11.160093413354947,True
3798,GQWEREICAVLRRLADNLNAQA,-11.159571433559897,True
3670,GQWLREIGAQLRRCGDDLDKQP,-11.15888682336272,True
1423,GQWVRELGAQLARSGDDLIEQA,-11.158411922723088,True
3689,GQWLRELGAQLGRIADDLIAQC,-11.1581655833497,True
3282,GQWTREIAACLRRIADLFNAQP,-11.158062466019995,True
4127,GQWVREVGAQLARSGDDLNTQS,-11.157981603849834,True
624,GRPVIWICQGLRRVGDNVNAYV,-11.15687647248022,True
940,GQWTREIGAILRRIADKLNAQA,-11.156575833628596,True
2570,GRPVIWLAQELRRIADEFVAYD,-11.15623818085582,True
2658,GRRECHIVQELIRIGDETHAYY,-11.1556066249068,True
3683,GQWLRELGAQLRRSGDDLNEQT,-11.15548010785813,True
615,GRPVIWISQYLRRFGDLLNAYF,-11.15499159481826,True
83,GRPTIWIGQFLRRLGDIVNAYF,-11.152499304362204,True
1087,GQWQREIGAILRRIADNVNAQF,-11.15235893194599,True
2718,GRGELQVAQEMVRIGDELHAYY,-11.151613247875634,True
181,GRPIIWVAQELARVGDEFDAYT,-11.150191181517098,True
3079,GQAACDIAAQLGRMADDTQAQY,-11.149840492874377,True
3974,GQWACQTGAQLARMADDLEAQY,-11.148912258193366,True
778,GRWEPHIAQELRRIGDEFHAYY,-11.14832007728133,True
3582,GQWPREIGAGLRRVADDFNAQT,-11.147867580134763,True
1367,GQWVREIAACLRRVADKSNAQV,-11.147155610388921,True
3423,GQWIRELGAQLIRYGDDLDAQT,-11.14557270884603,True
1220,GQWEREIAAGLRRCADEINAQS,-11.144633699700757,True
2643,GRREADIGQELTRIGDEIDAYY,-11.143469546823336,True
1449,GQWVREFGAQLRRIGDDLPKQC,-11.142957550548417,True
4144,GQWVREFGAQLARFGDDLATQS,-11.142141204579346,True
1135,GQWLREIGAYLRRLADEANAQV,-11.141807575674527,True
3577,GQWPREIAAFLRRLADLFNAQV,-11.141787081583002,True
2000,GRPHIWIAQELVRAGDEFDAYC,-11.141607218796127,True
3469,GQWMRELGAQLGRIGDDLLTQS,-11.14091408259969,True
4168,GQWVREVGAQLRRIGDDLLAQS,-11.140157720883005,True
3023,GQPACQAAAQLRRMADDVEAQY,-11.139668701510267,True
2608,GRPVIWLAQELGRIGDEFNTYT,-11.138795809993569,True
259,GRPPIWIGQHLRRAGDDLNAYI,-11.13801843914727,True
0,SRPEIWVAQEFGRNGDEFNAYY,-11.137525024364994,True
1384,GQWVREIYALLRRVADQLNAQI,-11.137390265087282,True
234,GRPHIWIAQELIRIADEFHTYC,-11.136992600284447,True
1049,GQWIREFGAQLRRVGDDLITQY,-11.136137312617768,True
3309,GQWTREICAVLRRLADQLNAQS,-11.135612398920617,True
3179,GQSACDISAQLRRMADDHQAQY,-11.134719842082006,True
3695,GQWLREVGAQLARFGDDLLAQT,-11.132590904851275,True
2224,GRPEIWMAQELHRIGDEFNAYY,-11.131978326516617,True
3897,GQWAREIYAFLRRVADELNAQV,-11.13193896245732,True
2694,GRAECHVGQELGRIGDEVKAYY,-11.129418479202403,True
19,GRTECHVIQELARIGDEYNAYY,-11.12916574013695,True
3885,GQWAREIGACLRRSADEINAQL,-11.12776314252922,True
1427,GQWVREVGAQLARIADDLNAQS,-11.127687356251279,True
3403,GQWIREICAFLRRVADQLNAQL,-11.126731899049823,True
807,GRWEYHVGQELGRIGDEYNAYY,-11.126152263613026,True
2989,GQRACQIVAQLARMADDVEAQY,-11.125627420193489,True
41,GRRECETIQELIRIGDEINAYY,-11.124626477070159,True
101,GRPIIWIAQVLRRIGDLFNAYF,-11.123763836496822,True
1099,GQWQREISAGLRRIADDFNAQA,-11.123512617676935,True
1212,GQWLREFGAQLARCGDDLNKQS,-11.122878922428598,True
1366,GQWVREIAACLRRIADVINAQF,-11.122793542477998,True
3674,GQWLREIGAQLARSGDDLITQY,-11.122409836819077,True
3723,GQWLRELGAQLRRAGDDLVEQP,-11.120668121928148,True
262,GRPPIWIGQFLRRIGDLFNAYF,-11.120454657768137,True
3714,GQWLREIGAQLRRSGDDLDTQR,-11.120312991564843,True
2485,GRPVIWIAQSLRRIGDHYNAYS,-11.116900235525666,True
1019,GQWIREICAILRRIADQFNAQL,-11.115698451120501,True
3181,GQSACDIVAQLVRMADDFQAQY,-11.114684693344216,True
3466,GQWMRELGAQLARSGDDLVAQA,-11.114421684118174,True
1438,GQWVREIGAQLGRFGDDLIAQS,-11.11425405392434,True
100,GRPIIWIAQGLRRSGDLLNAYP,-11.11410340790285,True
3172,GQSACQVAAQLGRMADDVEAQY,-11.113757202615867,True
901,GQSACDIGAQLIRMADDVQAQY,-11.113642520769284,True
274,GRPLIWIGQILRRLGDDTNAYF,-11.11132059596099,True
4128,GQWVREVGAQLARIADDLLAQC,-11.109954091334886,True
2895,GRWECDVIQELKRIGDESDAYY,-11.109318210278165,True
681,GRRERHIAQELGRIGDEIEAYY,-11.10884050735727,True
3420,GQWIRELGAQLRRIADDLVKQP,-11.108283508447961,True
4177,GQWVREVGAQLGRFGDDLNEQH,-11.10736836451428,True
3684,GQWLRELGAQLRRSGDDLNEQR,-11.107266781974811,True
3971,GQWASEIVAQLTRMADDLEAQY,-11.106372725107784,True
3910,GQWAREICAVLRRFADEFNAQL,-11.106068984359881,True
3397,GQWIREICAVLRRLADQVNAQF,-11.105459590614679,True
1051,GQWIREFGAQLARTGDDLVKQS,-11.105420177735736,True
3764,GQWEREIGADLRRIADVFNAQF,-11.104446238961435,True
1403,GQWVREICAGLRRIADIINAQI,-11.103710498149997,True
3810,GQWDREIGAQLARLGDDLVTQC,-11.102459200563247,True
978,GQWIREIAAYLRRLADHANAQS,-11.102175855993167,True
3989,GQWACDVGAQLGRMADDHEAQY,-11.09965975395866,True
3756,GQWEREIAAHLRRTADELNAQV,-11.098212288559864,True
3833,GQWEREIGAQLRRIADDLLAQR,-11.098149691200408,True
4111,GQWVREIGAQLARFADDLNEQH,-11.097938152538571,True
663,GRPVIWIAQELVRAGDEFLKYY,-11.097867695277223,True
104,GRPIIWIAQFLRRTGDLLNAYF,-11.097816985788338,True
3938,GQWAADIAAQLGRMADDVEAQY,-11.095938725422757,True
2225,GRPEIWMAQELRRIGDEFNAYY,-11.095698917875662,True
4069,GQWVREISADLRRIADIVNAQV,-11.095664106557518,True
3839,GQWERELGAQLRRIGDDLHTQP,-11.094211704568934,True
278,GRPLIWIGQCLRRIGDVINAYF,-11.094198202812926,True
3540,GQWHREIGAQLVRIGDDLNTQS,-11.092969159889364,True
3349,GQWIREIYAILRRIADEYNAQF,-11.092804104633894,True
1252,GQWEREICAVLRRVADMINAQL,-11.092047556785118,True
217,GRPQIWIGQGLRRLGDEINAYA,-11.091884613072198,True
3887,GQWAREIGACLRRFADLINAQF,-11.091037253744297,True
2301,GRPEIWIAQELRRFGDKVNAYF,-11.089192238072293,True
560,GRPAIWIGQYLRRFGDLINAYL,-11.08801367302388,True
306,GRPLIWICQFLRRVGDVLNAYP,-11.087967289095873,True
1091,GQWQREIGAYLRRIADVINAQF,-11.087641201531003,True
20,GRTECDAAQELIRIGDEIHAYY,-11.086702674812981,True
3618,GQWLREIGAFLRRFADDLNAQF,-11.08507832338091,True
1027,GQWIREICAFLRRTADILNAQI,-11.083818249630543,True
1730,GRPTIWIYQILRRIGDEINAYA,-11.083242850045234,True
1028,GQWIREICAFLRRIADMINAQV,-11.082353062816141,True
627,GRPVIWICQVLRRIGDQLNAYA,-11.08177000843676,True
4171,GQWVREVGAQLRRCGDDLHEQT,-11.081257474324826,True
2663,GRREFEVAQELKRIGDEFNAYY,-11.08109495831846,True
1165,GQWLREICAYLRRTADILNAQF,-11.079673312111886,True
2244,GRPEIWIAQELRRFGDEFAEYC,-11.076431197247107,True
822,GRWEFHIGQELTRIGDEINAYY,-11.07310880160091,True
1442,GQWVRELGAQLGRFGDDLLAQS,-11.072665364266912,True
2103,GRPLIWIGQCLRRIGDNLNAYF,-11.072165436716821,True
1974,GRPQIWIYQILRRFGDDINAYT,-11.071451768805002,True
3980,GQWACHIAAQLERMADDIDAQY,-11.071130677745838,True
2865,GRWEVDVIQELIRIGDELDAYY,-11.070718050542698,True
2241,GRPEIWIAQELKRIGDEVEAYY,-11.069642442391991,True
3793,GQWEREICAILRRFADMFNAQA,-11.069398357165797,True
831,GQTAHDIAAQLRRMADDVQAQY,-11.068650624301007,True
3881,GQWAREIGADLRRAADMLNAQV,-11.06653509327564,True
623,GRPVIWICQGLRRTGDKVNAYV,-11.065342064673363,True
4034,GQWVREIGAFLRRFADMFNAQI,-11.064799191726813,True
703,GRREFEVAQELKRIGDEVEAYY,-11.063774322180436,True
307,GRPLIWICQFLRRFGDLLNAYF,-11.062521126055472,True
865,GQAAPQIAAQLRRMADDIQAQY,-11.062450582198593,True
1227,GQWEREIGAVLRRIADLFNAQI,-11.061456832364044,True
3444,GQWIREFGAQLARTGDDLVAQC,-11.060090622112053,True
548,GRPEIWYAQELRRIGDEFNTYY,-11.059871853391442,True
2545,GRPVIWICQGLRRIGDETNAYA,-11.059162273092381,True
755,GRSEDEVVQELRRIGDEVDAYY,-11.056996818094554,True
1548,GRTECETSQELTRIGDELDAYY,-11.056614707306457,True
1196,GQWLREIGAQLGRSGDDLDAQT,-11.056453154973958,True
1063,GQWMRELGAQLARIADDLVTQS,-11.056067282520496,True
3648,GQWLREICAILRRTADKINAQA,-11.055433413444154,True
4026,GQWVREIGAGLRRTADEVNAQS,-11.055156877895955,True
2684,GRAEYDIIQELRRIGDEFNAYY,-11.054075494599726,True
2025,GRPQIWIAQELIRIADEFNAYR,-11.053537776050254,True
141,GRPIIWISQCLRRVGDKFNAYV,-11.051480388514348,True
4057,GQWVREIYACLRRVADDLNAQA,-11.051052338431184,True
3173,GQSACHIIAQLARMADDFNAQY,-11.050362315708714,True
191,GRPMIWIAQELRRFGDEFAEYC,-11.05021314219567,True
105,GRPIIWIGQILRRIGDNHNAYI,-11.049963172016465,True
3280,GQWTREIAAVLRRLADDLNAQP,-11.049811326650612,True
1034,GQWIREIGAQLARHGDDLLEQG,-11.048723278538477,True
1561,GRTEFHIGQELKRIGDETNAYY,-11.048489224589641,True
616,GRPVIWISQCLRRFGDIFNAYF,-11.047626976902457,True
3073,GQAACQIIAQLIRMADDVDAQY,-11.047346536634858,True
4142,GQWVREFGAQLARIADDLIAQS,-11.047217441169968,True
3171,GQSACQISAQLARMADDVQAQY,-11.046600714813826,True
1496,GRTERHIAQELARIGDEADAYY,-11.04648468815967,True
1535,GRTECHIIQELRRIGDEDHAYY,-11.046297726861248,True
3876,GQWAREIAAYLRRFADVLNAQT,-11.04481588338138,True
1153,GQWLREISAYLRRLADVYNAQA,-11.04477002897628,True
1528,GRTECQTVQELVRIGDELEAYY,-11.044639566468664,True
393,GRPEIWIAQDLRRFGDLYNAYF,-11.044556978575176,True
2072,GRPPIWICQFLRRFGDQVNAYS,-11.043599144358065,True
3413,GQWIREIGAQLGRYGDDLLEQC,-11.042942204173642,True
1831,GRPIIWISQILRRLGDNVNAYF,-11.042274224213534,True
520,GRPECDIIQELTRIGDEYHAYY,-11.041278588133565,True
3221,GQWNREIGAQLARCGDDLDEQA,-11.0403577594628,True
1209,GQWLREFGAQLARTGDDLNKQS,-11.03944837296252,True
292,GRPLIWISQCLRRFGDMINAYI,-11.039373476057914,True
4170,GQWVREVGAQLRRCGDDLIKQA,-11.03924670886674,True
3386,GQWIREICASLRRFADELNAQT,-11.038481760391958,True
1626,GRRECEIGQELTRIGDEIKAYY,-11.038431933152648,True
1138,GQWLREIGAFLRRFADEVNAQF,-11.038382554573268,True
3681,GQWLRELGAQLRRSGDDLDAQR,-11.037546699627788,True
781,GRWERHIVQELIRIGDEVNAYY,-11.037406934103206,True
3637,GQWLREISAILRRVADLINAQP,-11.037363367772713,True
3788,GQWEREISACLRRVADNVNAQF,-11.036645205138305,True
1772,GRPIIWIAQILRRLGDKFNAYT,-11.036626608773416,True
3537,GQWHREIGAQLRRLADDLTAQA,-11.036400974679182,True
3529,GQWQREICASLRRIADMVNAQI,-11.036397353382807,True
48,GRPKIWIAQGLRRIGDIINAYF,-11.03630152790365,True
1319,GQWAVQIGAQLIRMADDIEAQY,-11.03612748449409,True
2135,GRPLIWICQSLRRFGDMVNAYS,-11.035531370740852,True
1531,GRTECQVIQELVRIGDELHAYY,-11.035023676564665,True
109,GRPIIWIGQLLRRIGDLFNAYF,-11.034433965244332,True
3762,GQWEREIGAHLRRVADLFNAQA,-11.034303915701706,True
3769,GQWEREIGACLRRAADEVNAQT,-11.03388144130093,True
117,GRPIIWIGQYLRRTGDLINAYI,-11.033176695548619,True
2322,GRPEIWIAQDLRRIGDVVNAYL,-11.03203836255922,True
1607,GRREVHVGQELKRIGDEIDAYY,-11.031211650932082,True
900,GQSACEVAAQLGRMADDVNAQY,-11.031028731317498,True
990,GQWIREIGAGLRRLADVVNAQF,-11.03050921312785,True
1292,GQWAREISAFLRRLADKFNAQA,-11.03036566114758,True
1264,GQWERELGAQLRRSGDDLDTQC,-11.029952129249704,True
1441,GQWVRELGAQLTRYGDDLNAQT,-11.029476802346775,True
416,GRPEIWVAQEFKRYGDETNAYY,-11.029396337293603,True
812,GRWESHIIQELIRIGDEVNAYY,-11.029305115752948,True
2674,GRAEDDISQELGRIGDEVDAYY,-11.028977152642252,True
1254,GQWEREICAFLRRIADDVNAQI,-11.02851964936618,True
4139,GQWVREFGAQLRRCGDDLHAQY,-11.028314266760322,True
27,GRREHHIAQELARIGDEHDAYY,-11.02827539776547,True
1547,GRTECHVIQELARIGDEFNAYY,-11.028150679976173,True
2559,GRPVIWIAQELIRIGDEFVTYC,-11.027705100623784,True
655,GRPVIWFAQELARVGDEFNTYC,-11.027496724675451,True
2139,GRPLIWICQGLRRLGDQYNAYI,-11.027353910880839,True
604,GRPVIWIGQFLRRTGDQLNAYI,-11.026987826388904,True
3439,GQWIREFGAQLRRLADDLHEQH,-11.02673466122651,True
143,GRPIIWISQFLRRCGDEINAYI,-11.026393413650553,True
86,GRPTIWIYQVLRRIGDDYNAYV,-11.026027471721783,True
2304,GRPEIWIAQELRRFGDQINAYI,-11.02559301771991,True
1431,GQWVREFGAQLGRFGDDLTEQN,-11.024041922360212,True
265,GRPPIWICQGLRRTGDVFNAYF,-11.023909630735178,True
1257,GQWDREVGAQLRRAGDDLNTQG,-11.023357165716176,True
1994,GRPHIWIAQELIRVGDEFAEYH,-11.022278369853218,True
1339,GQWACEVGAQLRRMADDAKAQY,-11.021772182945517,True
3339,GQWIREIAAYLRRLADMTNAQP,-11.021710431212561,True
3599,GQWLREIAAGLRRFADEANAQT,-11.02160386383941,True
930,GQWTREIAAYLRRIADDSNAQL,-11.020364087905016,True
594,GRPVIWIAQCLRRSGDDVNAYA,-11.020150805888385,True
776,GRWEHDIGQELTRIGDEVNAYY,-11.01974555133021,True
3970,GQWASEISAQLIRMADDLDAQY,-11.0196422167274,True
1636,GRQECEVIQELKRIGDEADAYY,-11.01962699621161,True
3706,GQWLREFGAQLGRVGDDLNTQS,-11.01947723260575,True
3986,GQWACDTIAQLRRMADDYEAQY,-11.018588614784024,True
3871,GQWAREIAADLRRLADDTNAQA,-11.018132652785347,True
1151,GQWLREISAGLRRVADEYNAQS,-11.018106750158601,True
2106,GRPLIWIGQFLRRIGDEYNAYF,-11.017603062573214,True
3902,GQWAREISAFLRRVADVLNAQF,-11.017217098098998,True
4090,GQWVREICADLRRIADMINAQP,-11.01601089306006,True
4174,GQWVREVGAQLARLADDLNAQS,-11.015580501112463,True
424,GRPEIWYAQELGRIGDEYNAYY,-11.013903981825163,True
3501,GQWMREFGAQLGRVGDDLVAQH,-11.013896046407963,True
4155,GQWVREIGAQLVRIADDLIKQN,-11.01360530571023,True
47,GRPKIWIAQLLRRIGDVLNAYL,-11.013540790627339,True
2243,GRPEIWIAQELRRIGDEFLKYH,-11.013221212018967,True
2759,GRSEHQIIQELIRIGDEIDAYY,-11.013019938622158,True
3882,GQWAREIGAGLRRVADQHNAQS,-11.01183022456276,True
2728,GRGEADIAQELIRIGDEIHAYY,-11.011231337838908,True
1549,GRTECETGQELRRIGDEAHAYY,-11.01084526398571,True
287,GRPLIWISQGLRRFGDLLNAYV,-11.009962664288228,True
2851,GRWEGQIAQELKRIGDEFNAYY,-11.009904142759783,True
3345,GQWIREIGACLRRIADVLNAQV,-11.009865194467306,True
1545,GRTECHVSQELARIGDEHDAYY,-11.008755960731756,True
4152,GQWVREIGAQLRRVADDLLEQT,-11.007817822111022,True
211,GRPQIWIAQGLRRFGDQINAYI,-11.006674907399773,True
3995,GQWAFEIVAQLKRMADDLEAQY,-11.006160700496237,True
148,GRPIIWICQLLRRFGDLINAYV,-11.005767693706638,True
4018,GQWVREIAACLRRIADDDNAQS,-11.005073501865967,True
933,GQWTREIAACLRRFADLTNAQI,-11.004500683675447,True
2461,GRPAIWISQSLRRFGDLLNAYV,-11.004444778257414,True
2807,GRSECHTAQELIRIGDEVEAYY,-11.002498600709526,True
291,GRPLIWISQCLRRFGDKVNAYF,-11.000887553053019,True
2080,GRPLIWIAQDLRRIGDEFNAYY,-10.999818146752933,True
2311,GRPEIWIAQELVRIADEFHAYN,-10.997935285727769,True
2870,GRWEYETGQELKRIGDEVDAYY,-10.997908311405174,True
2606,GRPVIWLAQELARIGDEFIAYA,-10.995888224152703,True
277,GRPLIWIGQYLRRCGDMINAYV,-10.995765880829113,True
3391,GQWIREICAILRRFADLLNAQA,-10.994544444586152,True
3979,GQWACHIIAQLKRMADDLQAQY,-10.994111037316092,True
1003,GQWIREISADLRRVADDYNAQV,-10.994057056835912,True
2133,GRPLIWISQCLRRFGDKVNAYY,-10.993840908141015,True
3422,GQWIRELGAQLIRVGDDLDEQH,-10.99317791307697,True
3545,GQWHRELGAQLIRYGDDLDAQY,-10.9924171550647,True
4091,GQWVREICADLRRLADVLNAQV,-10.992129733565744,True
1848,GRPIIWICQHLRRIGDKINAYV,-10.991916509226826,True
1120,GQWPREIAAGLRRCADDLNAQV,-10.989989471686592,True
3808,GQWDREIGAQLRRCGDDLDEQD,-10.989937158603563,True
228,GRPQIWICQLLRRIGDLYNAYP,-10.989281705398437,True
1243,GQWEREISACLRRIADKTNAQV,-10.98777488856112,True
2405,GRPDIWIAQELRRFADEFVKYG,-10.986375686145628,True
3285,GQWTREIGADLRRVADKLNAQT,-10.986049488874519,True
3335,GQWIREIAADLRRIADDNNAQA,-10.985975051209085,True
2872,GRWEYEVIQELRRIGDEHDAYY,-10.985286206974564,True
2325,GRPEIWIAQGLRRFGDQINAYI,-10.984983372433256,True
1056,GQWMREIGAQLRRIADDLIAQR,-10.984833983832129,True
3884,GQWAREIGAYLRRIADNFNAQI,-10.983882019465751,True
2270,GRPEIWIAQELRRIGDHYNAYL,-10.983561998294746,True
2536,GRPVIWISQVLRRIGDMLNAYI,-10.983494934721449,True
3598,GQWLREIAADLRRVADEINAQL,-10.983238424327647,True
1312,GQWADEIGAQLGRMADDFEAQY,-10.982779557264367,True
1343,GQWACDVIAQLKRMADDVDAQY,-10.982586819401927,True
576,GRPAIWICQFLRRIGDLVNAYP,-10.982145025263431,True
3288,GQWTREIGAYLRRLADKTNAQS,-10.981540398781778,True
931,GQWTREIAACLRRTADMVNAQT,-10.980958982261269,True
2355,GRPEIWISQGLRRLGDMFNAYI,-10.98076217111732,True
1840,GRPIIWISQCLRRFGDMVNAYI,-10.980749570155464,True
2501,GRPVIWIGQDLRRAGDQINAYF,-10.980182639241683,True
4020,GQWVREIGASLRRSADELNAQI,-10.979161769014294,True
16,GRTECHTGQELGRIGDEAEAYY,-10.977922627725363,True
224,GRPQIWIYQCLRRIGDDLNAYF,-10.977455215524994,True
1436,GQWVREIGAQLIRTGDDLNAQA,-10.977260903511425,True
3300,GQWTREISAYLRRIADEYNAQV,-10.977144016981523,True
4180,GQWVREVGAQLVRLGDDLNAQS,-10.976915373205195,True
1389,GQWVREIYAFLRRIADHLNAQL,-10.975863698447444,True
2422,GRPEIWIAQELARIGDEFIEYG,-10.975760734758019,True
3600,GQWLREIAACLRRAADDYNAQS,-10.974413721428697,True
2786,GRSEVEISQELIRIGDEFNAYY,-10.974099291112823,True
3843,GQWERELGAQLARHGDDLHAQH,-10.973729721709164,True
2840,GRWELEISQELKRIGDEHEAYY,-10.9734484863383,True
612,GRPVIWISQYLRRLGDDVNAYV,-10.972711789123114,True
76,GRPTIWIAQFLRRFGDIINAYF,-10.972603880695576,True
1386,GQWVREIYAYLRRCADELNAQL,-10.970266630274567,True
4060,GQWVREIYAFLRRIADKINAQF,-10.969875403439787,True
1409,GQWVREIGAQLTRIGDDLTAQT,-10.968503573496047,True
1501,GRTELDIVQELIRIGDEVDAYY,-10.968328622904579,True
832,GQTARDIAAQLGRMADDIEAQY,-10.967610305677436,True
2488,GRPVIWIAQGLRRCGDIVNAYI,-10.96602805676465,True
2760,GRSEHEISQELVRIGDEYDAYY,-10.96544436364002,True
124,GRPIIWIGQFLRRVGDLVNAYV,-10.964619202251871,True
3178,GQSACEIVAQLIRMADDVHAQY,-10.96365504822752,True
2242,GRPEIWIAQELTRIGDEINAYY,-10.963049446013693,True
4068,GQWVREISARLRRLADDINAQV,-10.962892147250429,True
674,GRPVIWFAQELRRVGDEFAAYG,-10.962459316768278,True
2863,GRWEVEVSQELVRIGDEFNAYY,-10.962269713944282,True
3603,GQWLREIAAFLRRIADVFNAQF,-10.961923468649626,True
2083,GRPLIWIAQYLRRLGDEINAYV,-10.961710908832886,True
3650,GQWLREICAILRRIADHFNAQS,-10.96159245492401,True
2313,GRPEIWIAQELVRIGDEVNAYY,-10.961140044825687,True
2884,GRWECHIVQELIRIGDEVKAYY,-10.960982267902978,True
1785,GRPIIWIAQFLRRVGDILNAYL,-10.960149386400156,True
3331,GQWIREIAANLRRTADHLNAQA,-10.960081967915345,True
3400,GQWIREICAFLRRIADILNAQI,-10.959678066110262,True
271,GRPLIWIAQDLRRIGDVVNAYL,-10.959622513606504,True
3875,GQWAREIAAYLRRIADMANAQI,-10.958935865874507,True
275,GRPLIWIGQILRRVGDDFNAYS,-10.958296897391794,True
2299,GRPEIWIAQELRRIGFEFNAYY,-10.957817633567796,True
1023,GQWIREICADLRRIADMFNAQS,-10.956506510431867,True
2252,GRPEIWIAQELHPIGDEFNAYY,-10.956484051999274,True
746,GRSERHIAQELKRIGDEANAYY,-10.956279705736183,True
3830,GQWDREFGAQLRRYGDDLITQN,-10.955860819432441,True
4032,GQWVREIGAYLRRVADDVNAQA,-10.954396825914388,True
4073,GQWVREISACLRRTADQLNAQV,-10.954025772858444,True
1750,GRPTIWICQNLRRFGDMINAYV,-10.953162686502091,True
3869,GQWAREIAASLRRVADEANAQS,-10.953115514675883,True
418,GRPEIWVAQEFGRNGDEFNAYY,-10.952920658356442,True
1022,GQWIREICALLRRVADVINAQA,-10.95167352056277,True
3301,GQWTREISAYLRRLADVINAQI,-10.951169086388939,True
2520,GRPVIWIYQCLRRIGDELNAYI,-10.950544991829105,True
138,GRPIIWISQYLRRIGDLINAYV,-10.94996534695965,True
1208,GQWLREFGAQLRRVGDDLVTQS,-10.949865975633138,True
4064,GQWVREIYAFLRRLADVINAQA,-10.94807923616919,True
3976,GQWACQIIAQLRRMADDYQAQY,-10.946080691429984,True
3987,GQWACDIIAQLARMADDIHAQY,-10.94546024647273,True
1837,GRPIIWISQYLRRIGDIINAYL,-10.945249268750016,True
4184,GQWVREFGAQLRRTGDDLLKQR,-10.944286388275552,True
2303,GRPEIWIAQELRRFGDIFNAYF,-10.944232892299466,True
2086,GRPLIWIAQCLRRIGDDSNAYS,-10.94420932412659,True
3424,GQWIRELGAQLARFADDLIEQR,-10.944191633839765,True
2006,GRPHIWLAQELRRYGDEFVAYA,-10.94340423859854,True
1162,GQWLREICAVLRRAADLFNAQI,-10.943332880710233,True
2153,GRPLIWICQFLRRFGDLLNAYY,-10.94323488472418,True
2455,GRPAIWIGQYLRRCGDDVNAYP,-10.942994754177034,True
2187,GRPLIWFAQELARYGDEFDAYG,-10.942782006003995,True
81,GRPTIWIGQCLRRIGDITNAYS,-10.942713788595949,True
777,GRWEPQIGQELVRIGDEIDAYY,-10.941259326831716,True
2065,GRPPIWICQSLRRIGDLINAYF,-10.94125642862358,True
408,GRPEIWICQILRRVGDEVNAYI,-10.940314557522392,True
3675,GQWLREIGAQLGRLGDDLITQC,-10.940091472846897,True
605,GRPVIWIYQILRRVGDMINAYF,-10.939826621301037,True
659,GRPVIWIAQELIRLADEFVTYC,-10.939380644430136,True
989,GQWIREIGAGLRRLADMNNAQI,-10.938857268724263,True
1025,GQWIREICAVLRRIADNFNAQF,-10.938560055579515,True
578,GRPAIWICQFLRRFGDKANAYF,-10.93846426253155,True
2429,GRPEIWLAQELIRLGDEFNAYA,-10.938411004218944,True
3365,GQWIREIYACLRRFADELNAQT,-10.93839611188693,True
304,GRPLIWICQFLRRIGDMVNAYV,-10.93804625331866,True
2891,GRWECETGQELGRIGDEFQAYY,-10.936342819128473,True
49,GRPKIWIAQGLRRIGDHLNAYI,-10.93570709172921,True
3639,GQWLREISAHLRRLADEYNAQV,-10.93569339771193,True
2272,GRPEIWIAQELRRIGDVVNAYL,-10.935039856016395,True
1812,GRPIIWIYQGLRRIGDIFNAYF,-10.934439298690851,True
1916,GRPIVWIAQELRRIGDEFNAYY,-10.933792739389725,True
1082,GQWMREFGAQLARYGDDLAKQG,-10.931868525246008,True
633,GRPVIWICQFLRRIGDIVNAYP,-10.931818534037472,True
2454,GRPAIWIGQGLRRFGDQVNAYF,-10.93153682139165,True
257,GRPPIWIAQNLRRIGDKYNAYI,-10.931368080145996,True
2702,GRAEFQIVQELKRIGDELNAYY,-10.931109081697539,True
2117,GRPLIWIYQVLRRIGDDANAYV,-10.93064135995716,True
4031,GQWVREIGAYLRRLADLYNAQA,-10.930317488391962,True
3554,GQWHLEIGAQLVRLGDDLVTQH,-10.928627917707114,True
2271,GRPEIWIAQELRRIGDLFNAYF,-10.928556225726942,True
3727,GQWLRELGAQLARFADDLAAQY,-10.927884408685081,True
2561,GRPVIWIAQELIRAADEFNAYS,-10.92768993520166,True
146,GRPIIWICQILRRFGDKVNAYL,-10.927476050920568,True
736,GRGECHISQELKRIGDEHHAYY,-10.927421746642782,True
592,GRPVIWIAQYLRRVGDLINAYL,-10.92695932566507,True
1381,GQWVREIYASLRRIADQFNAQT,-10.92690081528442,True
598,GRPVIWIGQGLRRFGDEVNAYL,-10.924488344852046,True
2069,GRPPIWICQFLRRIGDDFNAYF,-10.924429625723867,True
2856,GRWEVQISQELVRIGDETEAYY,-10.92432103287905,True
2562,GRPVIWIAQELARAADEFIKYG,-10.9238524713164,True
4016,GQWVREIAAYLRRLADKHNAQF,-10.923397828736675,True
1858,GRPIIWICQFLRRTGDKLNAYF,-10.920297827752183,True
2310,GRPEIWIAQELARYGDEFLKYP,-10.919788621331898,True
382,GRPEIWIAQELGRSGDEINAYY,-10.919702148133931,True
1012,GQWIREICANLRRIADNVNAQA,-10.919439181990242,True
2832,GRWERHIGQELKRIGDENDAYY,-10.918926231016181,True
214,GRPQIWIAQFLRRVGDIINAYV,-10.918726112194507,True
3552,GQWHREFGAQLARIADDLNEQS,-10.9173082860573,True
941,GQWTREIGAILRRIADEVNAQP,-10.917307501153362,True
2385,GRPEYDIVQELKRIGDEVEAYY,-10.915210442878056,True
3246,GQWNREFGAQLRRIGDDLVAQS,-10.915035641325794,True
219,GRPQIWIGQVLRRFGDMANAYL,-10.913727074154695,True
581,GRPVIWIDQCLRRIGDNINAYS,-10.91305166517223,True
1882,GRPIIWLAQELIRLADEFNTYT,-10.912714916966273,True
2048,GRPPIWIGQDLRRIGDKYNAYA,-10.912215134124878,True
3604,GQWLREIAAFLRRGADLINAQF,-10.912013424007387,True
57,GRPKIWICQFLRRFGDVYNAYA,-10.911595868814283,True
2527,GRPVIWISQILRRFGDLVNAYS,-10.911088174301002,True
2269,GRPEIWIAQELRRIGDHINAYF,-10.911042997305024,True
159,GRPIIWICQFLRRFGDHFNAYF,-10.908768725525455,True
951,GQWTREIYAFLRRIADEYNAQA,-10.907868308107213,True
1300,GQWAREICAYLRRAADKINAQA,-10.907177067588119,True
2528,GRPVIWISQILRRFGDLVNAYV,-10.906735982530094,True
3873,GQWAREIAAGLRRAADVINAQV,-10.90661356472775,True
3312,GQWTREICAVLRRFADMINAQF,-10.90621553599674,True
1520,GRTEVEVAQELVRIGDEYDAYY,-10.906115306495217,True
2858,GRWEVQVSQELTRIGDEINAYY,-10.905839584672332,True
2972,GQRAGQIGAQLARMADDFEAQY,-10.905653533668668,True
2882,GRWECHIGQELKRIGDEDKAYY,-10.90518871735131,True
215,GRPQIWIGQILRRVGDELNAYV,-10.904928065778533,True
302,GRPLIWICQVLRRVGDEANAYF,-10.90363951369934,True
2111,GRPLIWIYQILRRFGDQINAYA,-10.903541530508532,True
1361,GQWVREIAAILRRFADVVNAQI,-10.901943624481342,True
3443,GQWIREFGAQLARTADDLDKQY,-10.900941569604154,True
309,GRPLIWIAQELRRHADEFDEYY,-10.900459380037054,True
1173,GQWLREIGAQLGRCGDDLVAQN,-10.899872842072156,True
3286,GQWTREIGAGLRRLADVLNAQA,-10.898297875619962,True
673,GRPVIWFAQELRRIGDEFLKYH,-10.897770565742892,True
1794,GRPIIWIGQGLRRAGDMVNAYV,-10.896771322635093,True
1839,GRPIIWISQCLRRLGDIVNAYF,-10.896461329401589,True
1167,GQWLREICAYLRRIADKYNAQF,-10.89643655628469,True
570,GRPAIWICQNLRRIGDIINAYI,-10.896207529217428,True
305,GRPLIWICQFLRRVGDHVNAYS,-10.89442132846062,True
2129,GRPLIWISQHLRRLGDQLNAYI,-10.891986821836431,True
2249,GRPEIWIAQELIRIGDEFLKYC,-10.891879684627108,True
864,GQRACDISAQLKRMADDVNAQY,-10.891765762013408,True
3687,GQWLRELGAQLARLADDLHTQY,-10.890740445410746,True
1987,GRPQIWICQDLRRIGDVINAYV,-10.889830592081498,True
2953,GQTACQIIAQLGRMADDFEAQY,-10.88910240364856,True
689,GRREDHIGQELVRIGDEINAYY,-10.888545210198881,True
3297,GQWTREIYAFLRRFADEFNAQI,-10.888484882229566,True
862,GQRACQAIAQLVRMADDFDAQY,-10.887919127978948,True
1788,GRPIIWIGQILRRTGDHYNAYY,-10.887768679550149,True
80,GRPTIWIGQYLRRIGDLLNAYV,-10.885317667791625,True
1399,GQWVREICAHLRRIADVLNAQS,-10.884726900588033,True
2693,GRAECHVGQELTRIGDEVQAYY,-10.884569192030613,True
1341,GQWACDIIAQLGRMADDIHAQY,-10.883692618052283,True
3823,GQWDREVGAQLARLGDDLVAQN,-10.883238649231846,True
1133,GQWLREIGALLRRIADLANAQF,-10.882763183948242,True
2902,GRWEFHVSQELIRIGDEIEAYY,-10.88275618446192,True
562,GRPAIWIYQILRRFGDQFNAYL,-10.88124557597008,True
3346,GQWIREIGACLRRAADMFNAQI,-10.881180690760717,True
1792,GRPIIWIGQDLRRVGDVINAYT,-10.880803586027481,True
725,GRGELEVAQELVRIGDEINAYY,-10.880729872891902,True
1521,GRTEVDVTQELRRIGDELDAYY,-10.880298695904598,True
303,GRPLIWICQVLRRFGDIYNAYL,-10.87908735830885,True
1961,GRPQIWIGQLLRRIGDQVNAYL,-10.878548172483633,True
516,GRPECHIIQELRRIGDEIKAYY,-10.878042722667718,True
1810,GRPIIWIYQILRRVGDLVNAYV,-10.877998871516914,True
1844,GRPIIWICQSLRRIGDIANAYL,-10.876327914335386,True
1270,GQWEREFGAQLARVGDDLLAQT,-10.876238312362013,True
666,GRPVIWLAQELIRIGDEFLKYC,-10.875519770202292,True
2526,GRPVIWISQILRRIGDHYNAYL,-10.875110349746835,True
2712,GRGEHDAGQELRRIGDEYDAYY,-10.875104625531831,True
121,GRPIIWIGQCLRRCGDMINAYA,-10.874967976491309,True
4145,GQWVREFGAQLGRFGDDLLEQT,-10.87452263109262,True
2825,GRWEHHVGQELKRIGDEYQAYY,-10.874056821383608,True
1026,GQWIREICAYLRRFADLLNAQF,-10.873799833013189,True
3065,GQAAVQIAAQLARMADDLKAQY,-10.87360320327335,True
2847,GRWEAHIAQELIRIGDEHDAYY,-10.872534872213157,True
103,GRPIIWIAQYLRRVGDDINAYT,-10.871106303818042,True
2348,GRPEIWIYQYLRRIGDDLNAYF,-10.870598040029844,True
3276,GQWTREIAAILRRIADDHNAQL,-10.870345917787962,True
2822,GRSEFDVGQELARIGDEVEAYY,-10.870151652371916,True
2525,GRPVIWISQSLRRFGDIINAYF,-10.86990404798902,True
505,GRPERDISQELARIGDELQAYY,-10.86926872664408,True
954,GQWTREISAILRRLADVVNAQI,-10.868903141375194,True
1304,GQWARHIAAQLIRMADDVEAQY,-10.866292290678555,True
4082,GQWVREICAILRRTADLVNAQL,-10.86613507069686,True
3440,GQWIREFGAQLIRIGDDLNTQT,-10.865663003067947,True
3380,GQWIREISAYLRRIADKYNAQL,-10.864802747296805,True
2424,GRPEIWIAQELVRIGDEFITYC,-10.864542760842106,True
2551,GRPVIWICQLLRRIGDNINAYV,-10.863856337465348,True
1777,GRPIIWIAQDLRRAGDNVNAYV,-10.863542169914668,True
3607,GQWLREIGAILRRVADNVNAQF,-10.862505037466724,True
89,GRPTIWISQFLRRIGDDFNAYF,-10.862045966341325,True
1799,GRPIIWIGQVLRRFGDQYNAYA,-10.860631721899884,True
3342,GQWIREIAACLRRSADDHNAQF,-10.860558830658741,True
74,GRPTIWIDQCLRRFGDMVNAYF,-10.859847469165722,True
852,GQPACQVIAQLRRMADDIHAQY,-10.859804715415283,True
2381,GRPEGDIGQELTRIGDEVDAYY,-10.858495602712154,True
2197,GRPLIWIAQELIRIADEFHKYY,-10.857631778606294,True
17,GRTECHIIQELIRIGDEAHAYY,-10.857024797924005,True
1843,GRPIIWICQNLRRVGDHINAYF,-10.85618590485184,True
2824,GRWEHHAGQELKRIGDEVEAYY,-10.856131775412422,True
1390,GQWVREIYAFLRRVADILNAQF,-10.854713381043615,True
258,GRPPIWIGQNLRRFGDLLNAYA,-10.854539354293742,True
3333,GQWIREIAASLRRSADLLNAQL,-10.854368332793571,True
2335,GRPEIWIGQLLRRLGDLTNAYT,-10.854234585713165,True
4199,GQWVREIAAILRRIADVYNAQA,-10.854190545284453,True
4146,GQWVREFGAQLVRIGDDLIAQY,-10.853868178372226,True
102,GRPIIWIAQYLRRLGDVVNAYL,-10.852130338302945,True
640,GRPVIWLAQELTRLADEFDKYG,-10.851725450158057,True
863,GQRACDTTAQLRRMADDVEAQY,-10.85169723697468,True
534,GRPDIWVAQELGRDGDEFLAYC,-9.892283358121482,False
2349,GRPEIWIYQFLRRSGDHHNAYT,-9.892184914241362,False
2078,GRPLIWIDQFLRRVGDNVNAYV,-9.892124602093316,False
1603,GRREGHAVQELGRIGDEFDAYY,-9.892036181810957,False
3877,GQWAREIGANLRRPADVVNAQL,-9.89189739004416,False
2671,GRAERHTVQELKRIGDELEAYY,-9.891808261948249,False
1032,GQWIREIGAQLIRCADDLPTQC,-9.891519513171476,False
3929,GQWADQIVAQLTRMADDFKAQY,-9.891489850553189,False
2572,GRPVIWLAQELIRDADEFVKYY,-9.89137644467094,False
3262,GQWKREYGAQLIRYADDLNEQH,-9.891235584611966,False
3169,GQSASETAAQLGRMADDDNAQY,-9.891111455339999,False
2993,GQRACDTGAQLKRMADDFHAQY,-9.891050415394787,False
2715,GRGERHTTQELERIGDEPDAYY,-9.890976869204518,False
3476,GQWMREVGAQLVRLADDLTTQS,-9.890890142509116,False
3542,GQWHREHGAQLVRTADDLNKQY,-9.890786434922266,False
3027,GQPAFDAAAQLVRMADDLDAQY,-9.89068795298942,False
4156,GQWVREHGAQLTRIVDDLIAQC,-9.890632172160439,False
3560,GQWQREHGAQLGRFGDDLLTQY,-9.890616960078493,False
1542,GRTECHAIQELKRIGDEPHAYY,-9.89048461344795,False
3835,GQWEREIGAQLVRLADDLAAQT,-9.890306797701456,False
4178,GQWVREVGAQLVRSGDDLLTQY,-9.890125135460076,False
2024,GRPQIWIAQELRRRADEFIKYD,-9.890072664849438,False
3070,GQAAVDVSAQLIRMADDFDAQY,-9.890034756618563,False
3933,GQWADDAIAQLRRMADDVEAQY,-9.889926629734688,False
2683,GRAEYHIVQELARIGDESDAYY,-9.889923194632187,False
510,GRPEYDISQELGRIGDEVHAYY,-9.889810919642402,False
3231,GQWNREDGAQLTRCGDDLNEQH,-9.889584722927623,False
2958,GQTACDAGAQLIRMADDNKAQY,-9.889522049108493,False
1562,GRTEFHIVQELERIGDEYNAYY,-9.889459730335984,False
9,GRTEGQIIQELERIGDEFDAYY,-9.889444222696957,False
3272,GQWTREIDAVLRRLADLFNAQT,-9.889386423015608,False
3739,GQWLREFGAQLTRAGDDLLAQG,-9.889316335101492,False
3559,GQWQREHGAQLGRSGDDLDEQS,-9.889201010753476,False
2721,GRGELEASQELGRIGDESQAYY,-9.889157335827019,False
3223,GQWNREHGAQLTRDADDLLTQP,-9.889125485695528,False
919,GQWNREYGAQLGRVADDLITQY,-9.889045787677956,False
3753,GQWEREIDACLRRSADLANAQA,-9.889041520052778,False
1918,GRPMIWNAQELGRHADEFIKYT,-9.889006781207927,False
3960,GQWAYQVVAQLERMADDIEAQY,-9.888966339133578,False
3071,GQAAYHAVAQLKRMADDHNAQY,-9.888888312453895,False
3433,GQWIREVGAQLVRYGDDLAKQP,-9.88860475612869,False
4159,GQWVRELGAQLRRRADDLPAQG,-9.888500810854225,False
2079,GRPLIWIAQRLRRAGDMNNAYI,-9.888481254726917,False
3099,GQGALHVVAQLERMADDDHAQY,-9.888468725025357,False
883,GQGASEIGAQLKRMADDFQAQY,-9.888415838002269,False
3039,GQRAYQAIAQLTRMADDYQAQY,-9.888336033373886,False
1139,GQWLREIYANLRRIADVDNAQF,-9.888229411521005,False
764,GRSEYHAGQELTRIGDEHDAYY,-9.887839813846405,False
708,GRAELEIVQELVRIGDEDNAYY,-9.887757102655042,False
4154,GQWVREIGAQLVRSGDDLTEQD,-9.887515650301676,False
3202,GQWKREIAALLRRGADIFNAQL,-9.88740623085558,False
1425,GQWVREVGAQLTRAGDDLHTQS,-9.88719764840023,False
3951,GQWAVHVVAQLERMADDDDAQY,-9.887160476177039,False
4182,GQWVREFGAQLTRIADDLPTQP,-9.887154707014584,False
756,GRSEDDTSQELIRIGDEVEAYY,-9.887106107916587,False
966,GQWTREICAVLRRVADHSNAQI,-9.88703368179818,False
3566,GQWQREVGAQLIRSADDLVAQS,-9.887010527392805,False
3945,GQWAGDISAQLARMADDHDAQY,-9.88675872893079,False
3448,GQWMRENGAQLVRAGDDLLKQP,-9.88668334271039,False
3195,GQSAFDVGAQLVRMADDLDAQY,-9.886560484404315,False
3737,GQWLREYGAQLIRCGDDLVEQT,-9.886356535926868,False
3892,GQWAREIYAHLRRFADLPNAQI,-9.886328971045298,False
2986,GQRASEVTAQLRRMADDLDAQY,-9.886139520580102,False
1035,GQWIREHGAQLTRCGDDLITQT,-9.885903102649669,False
3570,GQWQREYGAQLVRHADDLVKQS,-9.885659350308076,False
3273,GQWTREIDACLRRLADLDNAQA,-9.885650723025465,False
2805,GRSECHTTQELVRIGDEIHAYY,-9.885395661309603,False
1328,GQWAYDISAQLVRMADDFHAQY,-9.885251631794477,False
3475,GQWMREVGAQLGRCADDLTKQC,-9.885130521421337,False
3461,GQWMRELGAQLTRIADDLHAQP,-9.885104665415966,False
2336,GRPEIWIGQDLRRIGDESNAYL,-9.884937700999648,False
4041,GQWVREIYAILRRPADMTNAQF,-9.884901686712958,False
926,GQWTREIDAFLRRFADVINAQF,-9.884861052130343,False
40,GRRECHAAQELERIGDEAHAYY,-9.884717373857278,False
552,GRPAIWIDQDLRRFGDNLNAYF,-9.884449088042873,False
3242,GQWNREYGAQLRRIGDDLAEQR,-9.884394801016176,False
4143,GQWVREFGAQLARFADDLLEQG,-9.884251680992202,False
4189,GQWVREFGAQLGRGADDLTEQR,-9.884226778586328,False
3029,GQRAREIVAQLIRMADDVDAQY,-9.884163296776793,False
3407,GQWIRENGAQLARIGDDLLEQN,-9.8839920953924,False
4129,GQWVREVGAQLARHADDLTAQA,-9.883890368153676,False
1313,GQWADEVIAQLTRMADDIQAQY,-9.88369537562652,False
3699,GQWLREYGAQLIRFGDDLTTQS,-9.88339761957794,False
3982,GQWACEAVAQLERMADDLQAQY,-9.883368403653428,False
2978,GQRAVEVIAQLGRMADDVNAQY,-9.883223866502695,False
3541,GQWHREHGAQLGRIGDDLNAQY,-9.883135831476164,False
1685,GRPNIWLAQELGRNGDEFAEYS,-9.882972916974724,False
1169,GQWLREIGAQLTRFGDDLITQH,-9.882794806444753,False
3777,GQWEREIYADLRRVADVTNAQI,-9.882628060218877,False
3017,GQPAYQAAAQLARMADDVNAQY,-9.882200364820177,False
3867,GQWAREIDAFLRRFADVVNAQF,-9.882094205210898,False
3458,GQWMREIGAQLVRVADDLVAQG,-9.881849944726262,False
2948,GQTAYHTGAQLTRMADDYEAQY,-9.881844436019987,False
1912,GRPIIWFAQELGRDGDEFNAYT,-9.881719586694123,False
3487,GQWMREYGAQLVRIGDDLITQA,-9.881713173523815,False
3757,GQWEREIAADLRRLADINNAQL,-9.881676240113554,False
3959,GQWAYQVSAQLIRMADDIKAQY,-9.881642389967137,False
579,GRPVIWIDQILRRAGDNANAYV,-9.881625703064577,False
4150,GQWVSEDGAQLTRYADDLHKQC,-9.881526488574607,False
3966,GQWAYDAVAQLGRMADDDEAQY,-9.88145784813542,False
2742,GRGESEVVQELRRIGDEDKAYY,-9.881243316259022,False
3206,GQWKREIYAHLRRAADKSNAQV,-9.88119900822343,False
3234,GQWNREVGAQLTRVGDDLNKQG,-9.881073602151352,False
1329,GQWAYDIVAQLTRMADDFQAQY,-9.881027699173213,False
2828,GRWEPHITQELIRIGDELQAYY,-9.88102516338658,False
3019,GQPAYDVGAQLKRMADDNQAQY,-9.881010549128167,False
2852,GRWEGHTTQELGRIGDEVDAYY,-9.880974630877331,False
2976,GQRAVHTVAQLVRMADDVQAQY,-9.88091616340407,False
4176,GQWVREVGAQLGRHADDLLKQA,-9.880902823612756,False
1601,GRREGQAVQELIRIGDEYQAYY,-9.880702514797484,False
3713,GQWLREIGAQLTRSGDDLLEQD,-9.880622159030768,False
1546,GRTECHVSQELVRIGDEDKAYY,-9.880611277716499,False
3565,GQWQREVGAQLTRYGDDLIEQP,-9.880461999261811,False
1214,GQWLREFGAQLGRVGDDLLAQP,-9.880435481151453,False
406,GRPEIWISQNLRRIGDLNNAYF,-9.880404161295157,False
2830,GRWEPDIAQELIRIGDELKAYY,-9.880398330568113,False
744,GRSEHETVQELGRIGDEYEAYY,-9.880047895794934,False
3252,GQWKREIGAQLRRGADDLHEQN,-9.879973576100797,False
1819,GRPIIWIYQYLRRRGDLLNAYV,-9.879628604545127,False
2782,GRSEGQTIQELRRIGDETQAYY,-9.879496555537306,False
4132,GQWVREVGAQLVRTADDLITQN,-9.879236937920806,False
4175,GQWVREVGAQLARSADDLLEQC,-9.879234629273721,False
3201,GQWKREIAALLRRIADVTNAQF,-9.8789841427245,False
4006,GQWVREIDAVLRRGADVSNAQT,-9.878651758922073,False
1871,GRPIIWIAQELVRRGDEFATYA,-9.878651480734963,False
3553,GQWHREFGAQLGRLADDLAKQR,-9.878624848229984,False
3228,GQWNRELGAQLIRTGDDLNTQY,-9.878595549760913,False
972,GQWIREIDAHLRRCADVINAQV,-9.878523732802003,False
1443,GQWVRELGAQLVRNGDDLDEQC,-9.878517049572151,False
3809,GQWDREIGAQLIRGGDDLTAQS,-9.878353913346446,False
717,GRAEFQAIQELVRIGDEHEAYY,-9.878025016597164,False
2970,GQRAADAGAQLIRMADDFEAQY,-9.877941163241527,False
2965,GQRADETTAQLARMADDLDAQY,-9.877799696556188,False
3950,GQWAVHTTAQLTRMADDLDAQY,-9.877749302382801,False
3614,GQWLREIGAVLRRAADDTNAQS,-9.87760834296264,False
3925,GQWALHASAQLIRMADDLNAQY,-9.877477755959935,False
3608,GQWLREIGAHLRRVADVFNAQL,-9.87729496221375,False
3050,GQAARDIIAQLVRMADDVEAQY,-9.877197810096746,False
3090,GQAAFEAIAQLRRMADDTDAQY,-9.877052942571826,False
1259,GQWDREVGAQLGRFADDLNEQT,-9.87683897271763,False
3108,GQGAGEAVAQLARMADDINAQY,-9.876778087728244,False
2426,GRPEIWHAQELTRVGDEFHAYS,-9.876686085792818,False
2764,GRSERHVTQELIRIGDESNAYY,-9.87645263287066,False
1318,GQWAGQIGAQLTRMADDFQAQY,-9.876441637382149,False
757,GRSEDDAVQELIRIGDELNAYY,-9.876402889244758,False
3874,GQWAREIAAVLRRSADIVNAQA,-9.87640244401197,False
3462,GQWMRELGAQLTRGADDLAEQC,-9.876347248735962,False
3861,GQWEREFGAQLGRFGDDLVTQT,-9.87633078624479,False
1199,GQWLRELGAQLIRIADDLDEQS,-9.876132691293737,False
1650,GRPKIWIGQDLRRFGDMFNAYL,-9.876058553502393,False
1766,GRPIIWIDQFLRRAGDVYNAYL,-9.875995074544603,False
3036,GQRAGDAGAQLGRMADDVHAQY,-9.8759930362787,False
2926,WPWGRPNQSGMGRIGDEDDAYY,-9.87584358855201,False
1204,GQWLRELGAQLVRTGDDLITQN,-9.87578626526782,False
3149,GQSAAHVIAQLARMADDLEAQY,-9.875773040212943,False
2726,GRGEAQVIQELVRIGDEVKAYY,-9.875732542013226,False
1522,GRTEYHIVQELTRIGDESNAYY,-9.875672944710685,False
892,GQSAGDIGAQLARMADDVQAQY,-9.875624927225584,False
3831,GQWDREFGAQLIRFGDDLVEQN,-9.875392312062637,False
1206,GQWLREYGAQLARYADDLNAQA,-9.875073629872851,False
1930,GRPMIWVAQELTRTGDEFHKYR,-9.874816908202495,False
3434,GQWIREVGAQLVRYGDDLATQH,-9.874581013350827,False
3551,GQWHREYGAQLARVADDLIAQR,-9.87447124112621,False
924,GQWKRENGAQLIRLGDDLNTQP,-9.874412199295076,False
2376,GRPEDEVTQELARIGDEVDAYY,-9.874392313435294,False
3710,GQWLRENGAQLIRIGDDLITQY,-9.874351167819093,False
1219,GQWEREIAADLRRSADEYNAQF,-9.87418541884698,False
2765,GRSEREVVQELVRIGDEVDAYY,-9.874176320866662,False
842,GQRAYEVAAQLIRMADDVQAQY,-9.874169435892783,False
3941,GQWAGHIVAQLTRMADDTEAQY,-9.874105181685756,False
1574,GRREPEIAQELTRIGDEYNAYY,-9.873229557284693,False
3691,GQWLREDGAQLTRGGDDLVEQR,-9.873186910340698,False
3547,GQWHRELGAQLVRHADDLVKQC,-9.87298058544169,False
3205,GQWKREIGAGLRRCADMDNAQI,-9.872798242654381,False
3226,GQWNREHGAQLGRTADDLDAQA,-9.872661691753708,False
2836,GRWELQTIQELIRIGDETKAYY,-9.872480417274769,False
3820,GQWDRELGAQLGRTGDDLIKQT,-9.87244342954268,False
1992,GRPHIWIAQELRRRADEFHKYR,-9.8723459582527,False
4185,GQWVREFGAQLRRYADDLPKQR,-9.872249864454737,False
3187,GQSAFHITAQLERMADDDDAQY,-9.872190504889675,False
906,GQWKREIYACLRRAADVTNAQF,-9.872066448946665,False
1613,GRRESDVIQELKRIGDEFNAYY,-9.872017783437574,False
768,GRSEFHTGQELIRIGDELEAYY,-9.871871374905492,False
3697,GQWLREVGAQLVRYGDDLPKQH,-9.87151619419039,False
947,GQWTREIYAILRRIADHNNAQV,-9.871265646081216,False
893,GQSAGDVVAQLGRMADDHQAQY,-9.8711986657262,False
1701,GRPKIWIAQELVRCADEFIKYY,-9.871133940514133,False
3217,GQWNRENGAQLVRLADDLNAQY,-9.871123533438318,False
3916,GQWAHEITAQLVRMADDNKAQY,-9.871065314301266,False
2853,GRWEGHIIQELIRIGDESKAYY,-9.87092631902087,False
970,GQWIREIDANLRRCADLVNAQV,-9.87086827733627,False
3812,GQWDREIGAQLGRAGDDLATQG,-9.870572960662477,False
2427,GRPEIWHAQELIRRADEFIAYC,-9.870472938065225,False
3564,GQWQREVGAQLTRLGDDLLKQR,-9.870471099572157,False
2944,GQTAVEAGAQLRRMADDSQAQY,-9.870390058151195,False
237,GRPHIWVAQELRRSADEFHTYR,-9.870194147509741,False
4169,GQWVREVGAQLRRLADDLPEQS,-9.87014729877581,False
875,GQAACHASAQLERMADDVKAQY,-9.870107035553122,False
3709,GQWLRENGAQLRRIADDLNKQD,-9.870038583152553,False
850,GQPASEIAAQLVRMADDAQAQY,-9.869834610099666,False
3865,GQWAREIDAHLRRRADHVNAQT,-9.869781085604084,False
3124,GQGACDTTAQLTRMADDVEAQY,-9.869706382736881,False
636,GRPVIWNAQELARSGDEFPTYT,-9.869626042618256,False
1428,GQWVREYGAQLIRIGDDLDKQT,-9.86961690170084,False
2892,GRWECEIAQELERIGDEHKAYY,-9.869611581518472,False
882,GQGAYDVVAQLIRMADDFNAQY,-9.86950315571272,False
3025,GQPAFQTIAQLIRMADDFDAQY,-9.869206365354508,False
3442,GQWIREFGAQLARTADDLTKQS,-9.86917008724994,False
3913,GQWAREICAYLRRCADDANAQV,-9.8689029143359,False
982,GQWIREIGASLRRIADLPNAQT,-9.868763271680988,False
3642,GQWLREISAYLRRPADEYNAQV,-9.868610300982539,False
1198,GQWLRELGAQLTRIADDLLKQS,-9.8685802762597,False
3137,GQSARDVGAQLRRMADDANAQY,-9.868512270306383,False
2446,GRPAIWIDQVLRRVGDQANAYA,-9.868491081791301,False
3678,GQWLREHGAQLRRIADDLNEQP,-9.868323369430565,False
1071,GQWMREVGAQLVRTGDDLDKQN,-9.868194344659145,False
1235,GQWEREIYAYLRRTADEFNAQF,-9.868194141463785,False
2955,GQTACDTGAQLIRMADDTEAQY,-9.868170974955259,False
1059,GQWMREIGAQLVRFADDLLAQH,-9.868022707424549,False
3256,GQWKREHGAQLVRSADDLAAQC,-9.867958882825617,False
1448,GQWVREYGAQLVRIADDLDAQS,-9.867878541625322,False
3844,GQWERELGAQLARCGDDLPAQS,-9.86780483098524,False
3307,GQWTREICAGLRRSADMPNAQV,-9.867794155745296,False
946,GQWTREIYASLRRGADLLNAQP,-9.867768975512076,False
3703,GQWLREFGAQLRRGADDLLAQA,-9.867724977496442,False
3471,GQWMRELGAQLVRGADDLLTQG,-9.867687523102193,False
3485,GQWMREYGAQLGRFGDDLITQD,-9.86751449604118,False
1518,GRTEVHIVQELERIGDEFDAYY,-9.867457586800477,False
3269,GQWTREIDAHLRRVADIINAQP,-9.86738445092558,False
2093,GRPLIWIGQILRRRGDHHNAYP,-9.867275262190077,False
1277,GQWAREIGASLRRAADMHNAQF,-9.867165655706836,False
3679,GQWLREHGAQLRRAGDDLTEQA,-9.867157051134333,False
3263,GQWKREYGAQLGRIADDLATQY,-9.866939492849907,False
921,GQWNREFGAQLIRIADDLTAQC,-9.866754295985508,False
4190,GQWVREFGAQLGRSGDDLLTQC,-9.866744266811407,False
3101,GQGADQIIAQLRRMADDAEAQY,-9.866724711835882,False
648,GRPVIWVAQELGRYADEFITYG,-9.866594238771023,False
4153,GQWVREIGAQLIRFADDLPEQT,-9.866523232864314,False
4167,GQWVREVGAQLTRGGDDLATQG,-9.866482441610566,False
693,GRREDEATQELVRIGDELNAYY,-9.866350232288367,False
3441,GQWIREFGAQLIRYGDDLVAQP,-9.866337840459716,False
2646,GRREGQAVQELVRIGDETNAYY,-9.86605272823998,False
3232,GQWNREDGAQLARPADDLIAQP,-9.865835541451826,False
3294,GQWTREIYAVLRRSADIHNAQA,-9.865688035649592,False
2641,GRREAQVVQELERIGDEVNAYY,-9.865521865823725,False
2925,WPSGDLFAQELTRHGDEFITYN,-9.865348559366856,False
1430,GQWVREFGAQLARVGDDLPAQS,-9.865112761179564,False
1517,GRTEVHTIQELVRIGDEVEAYY,-9.864746024677745,False
2644,GRREGQTAQELIRIGDEVDAYY,-9.864637633005476,False
3215,GQWNRENGAQLRRIADDLTEQR,-9.864237400427475,False
2705,GRAEFHATQELRRIGDESDAYY,-9.863992147177397,False
3500,GQWMREFGAQLGRLADDLTTQS,-9.863953082763373,False
2793,GRSEYDVTQELIRIGDETHAYY,-9.863938172771848,False
3117,GQGASHAAAQLERMADDNHAQY,-9.863931815537043,False
2729,GRGEADVIQELIRIGDEIKAYY,-9.863639552843605,False
3562,GQWQREDGAQLIRFGDDLTEQA,-9.863563437994376,False
3229,GQWNRELGAQLGRIADDLNEQG,-9.863489595249508,False
1567,GRTEFDIGQELTRIGDEFKAYY,-9.863257696921703,False
1796,GRPIIWIGQVLRRRGDIVNAYT,-9.863238326496113,False
2935,GQTALHVIAQLGRMADDPHAQY,-9.863230045998446,False
3417,GQWIREHGAQLIRFADDLVKQD,-9.862991670553756,False
2907,GRWEVEVIQELVRIGDEPHAYY,-9.862969984046037,False
3999,GQWAFDATAQLVRMADDDQAQY,-9.862899681643096,False
3771,GQWEREIYASLRRRADLFNAQA,-9.862875742043029,False
3490,GQWMREFGAQLTRLGDDLATQY,-9.862838541499649,False
1655,GRPKIWIYQDLRRIGDHSNAYS,-9.862821280787577,False
2738,GRGEVDVAQELKRIGDEPNAYY,-9.86263121799953,False
959,GQWTREISAVLRRVADNFNAQL,-9.862568326964169,False
533,GRPDIWLAQELTRCADEFTTYG,-9.862524151557862,False
1303,GQWARHTVAQLRRMADDYKAQY,-9.862316412172289,False
3860,GQWEREFGAQLGRFADDLNKQH,-9.86229032257413,False
3486,GQWMREYGAQLVRSGDDLVEQC,-9.862196797252002,False
549,GRPEIWFAQELTRLGDEFVTYR,-9.86217638530956,False
4161,GQWVRELGAQLIRIADDLLAQP,-9.862150924999133,False
3142,GQSALEISAQLTRMADDNEAQY,-9.862035375201284,False
3581,GQWPREIGAGLRRVADEDNAQV,-9.861953549804207,False
3047,GQAAHQIIAQLKRMADDYKAQY,-9.861841389738457,False
3197,GQWKREIAANLRRVADLVNAQF,-9.861756161094494,False
384,GRPEIWIAQGLKRMADEFNAYY,-9.861631844545265,False
4114,GQWVREHGAQLTRFGDDLLKQG,-9.86154875337628,False
3856,GQWEREFGAQLIRIGDDLVEQD,-9.861448653962864,False
2968,GQRAAHVGAQLRRMADDHKAQY,-9.86139359398311,False
3167,GQSAYDVVAQLKRMADDIDAQY,-9.861256207102787,False
3836,GQWEREHGAQLTRTGDDLITQY,-9.86121849062324,False
3233,GQWNREDGAQLGRYGDDLNTQR,-9.860989825436047,False
4126,GQWVREVGAQLIRCADDLITQR,-9.86097913924558,False
1110,GQWQREIGAQLVRFGDDLVKQR,-9.860645925656659,False
1575,GRRERQITQELTRIGDESNAYY,-9.860576525910016,False
2627,GRRERHTIQELIRIGDEFEAYY,-9.86052508156842,False
1499,GRTELDITQELTRIGDEYDAYY,-9.860174319626696,False
2716,GRGERHISQELARIGDEVQAYY,-9.860112020497477,False
2981,GQRAYHATAQLVRMADDTKAQY,-9.860083365633367,False
2979,GQRAVDTIAQLRRMADDTEAQY,-9.860072895377204,False
3503,GQWMREFGAQLVRFADDLATQP,-9.859914312549602,False
3059,GQAAAHVTAQLIRMADDFDAQY,-9.859656329948503,False
3104,GQGAAHAGAQLGRMADDDDAQY,-9.859465118619207,False
4165,GQWVREDGAQLRRCGDDLITQD,-9.85924963722833,False
3523,GQWQREISAILRRSADHVNAQP,-9.858998973344145,False
3465,GQWMRELGAQLARSADDLITQH,-9.858998820190179,False
2130,GRPLIWISQRLRRFGDMVNAYS,-9.858940533644382,False
3220,GQWNREIGAQLIRSGDDLNTQY,-9.858724828162613,False
3919,GQWAPDAGAQLVRMADDLNAQY,-9.858670040897255,False
3638,GQWLREISAILRRCADVFNAQS,-9.858111939507001,False
1355,GQWVREIDASLRRVADVSNAQF,-9.857929392926863,False
3105,GQGAAEASAQLRRMADDYQAQY,-9.857582765212632,False
3619,GQWLREIYASLRRSADDANAQP,-9.857423363032119,False
3106,GQGAAEVVAQLVRMADDDEAQY,-9.857379229284254,False
3100,GQGALDVIAQLIRMADDVKAQY,-9.857336227997836,False
2790,GRSEYHTSQELKRIGDEPDAYY,-9.857289441913057,False
2774,GRSEDHISQELTRIGDEFNAYY,-9.857283216734698,False
2980,GQRAVDAVAQLIRMADDFDAQY,-9.857208136898498,False
471,GRPEIWLAQLLGRFADEFNAYY,-9.857097229000123,False
3199,GQWKREIAAHLRRTADVDNAQF,-9.857075869290481,False
4002,GQWVREIDANLRRLADEINAQV,-9.857068859843338,False
3428,GQWIREDGAQLIRVGDDLDTQS,-9.856638603875952,False
2999,GQPAHQTVAQLKRMADDVNAQY,-9.856527158431394,False
2191,GRPLIWNAQELRRCGDEFPKYC,-9.85649115206336,False
2780,GRSEAETAQELKRIGDEFKAYY,-9.856381060112323,False
1266,GQWEREDGAQLIRFGDDLHEQS,-9.856251120005592,False
3707,GQWLREFGAQLGRSGDDLVTQY,-9.856004793690936,False
4183,GQWVREFGAQLTRLGDDLLEQT,-9.855397014654486,False
3212,GQWKREICALLRRGADVDNAQV,-9.855232495571189,False
3716,GQWLREIGAQLIRSADDLAAQS,-9.85506994515235,False
387,GRPEIWIAQYLARLGDQFNAYY,-9.85461501858396,False
3096,GQGARQVIAQLRRMADDHKAQY,-9.854436768316473,False
2974,GQRAVQTTAQLTRMADDANAQY,-9.85419644738866,False
1150,GQWLREISAGLRRPADLLNAQF,-9.85419141898431,False
3033,GQRAAHTGAQLERMADDFKAQY,-9.854181909379912,False
3056,GQAADEVIAQLTRMADDVEAQY,-9.85392379689164,False
683,GRREREVSQELGRIGDEIEAYY,-9.853847400545568,False
699,GRREYEIGQELIRIGDEFKAYY,-9.853781228887364,False
3747,GQWLREFGAQLVRFGDDLHTQH,-9.853509829014492,False
3446,GQWMRENGAQLGRPGDDLTEQD,-9.853010756571583,False
2969,GQRAAEISAQLGRMADDVKAQY,-9.85274663002226,False
1670,GRPNIWNAQELTRNADEFLKYG,-9.85250646385358,False
3472,GQWMREDGAQLVRSGDDLATQS,-9.85248375840118,False
4192,GQWVREFGAQLVRNGDDLVTQY,-9.852017733200872,False
4209,WPMDTEICALLRRAADQDNAQF,-9.851629443480952,False
3692,GQWLREDGAQLIRTADDLDKQA,-9.851626514207663,False
1965,GRPQIWIGQDLRRGGDEANAYF,-9.85131457655408,False
1515,GRTEGDVTQELARIGDEANAYY,-9.8511851150009,False
2962,GQRAHQVAAQLTRMADDVEAQY,-9.851139690088827,False
3931,GQWADEATAQLRRMADDVQAQY,-9.851119476384877,False
1532,GRTECHTIQELTRIGDEPNAYY,-9.851094361021726,False
3152,GQSAGQVSAQLTRMADDTKAQY,-9.851026689212516,False
2904,GRWEFDIGQELVRIGDEHHAYY,-9.851013581317384,False
1573,GRREPQVGQELIRIGDEFHAYY,-9.850792457510087,False
3954,GQWAVEVGAQLGRMADDYHAQY,-9.850786208907437,False
1658,GRPKIWISQSLRRVGDNSNAYF,-9.850674798539373,False
3051,GQAALEAGAQLIRMADDFKAQY,-9.85053865157929,False
2942,GQTAVHVSAQLIRMADDVDAQY,-9.850493896109855,False
3186,GQSAFQAVAQLTRMADDFNAQY,-9.850342963424328,False
1132,GQWLREIGANLRRAADVHNAQA,-9.850306429923963,False
726,GRGEADTAQELVRIGDEVQAYY,-9.849925375454696,False
1113,GQWQRELGAQLIRYGDDLHAQG,-9.849893181322578,False
3846,GQWERELGAQLGRSGDDLPAQN,-9.849885395946911,False
3098,GQGALHAVAQLGRMADDLQAQY,-9.849828192345976,False
3431,GQWIREVGAQLIRCGDDLHKQT,-9.849419391940158,False
3943,GQWAGEVSAQLKRMADDLQAQY,-9.849253374498293,False
3251,GQWKRENGAQLIRFGDDLIKQC,-9.849182909431828,False
1991,GRPHIWNAQELARFADEFTAYT,-9.849151643722342,False
2932,GQTARDIVAQLARMADDLKAQY,-9.849114318369892,False
3072,GQAAYHVGAQLKRMADDVEAQY,-9.849025927018264,False
4119,GQWVRELGAQLVRTADDLHKQG,-9.84901201842382,False
2704,GRAEFHIGQELGRIGDEFKAYY,-9.849009262072586,False
1572,GRREHDITQELVRIGDEYEAYY,-9.848880113435227,False
3255,GQWKREHGAQLIRRGDDLLKQC,-9.84886909615169,False
3287,GQWTREIGAVLRRRADLDNAQT,-9.848807912846645,False
2147,GRPLIWICQYLRRCGDQANAYI,-9.848703143524904,False
3827,GQWDREFGAQLTRNGDDLIAQN,-9.848584202267801,False
3849,GQWEREDGAQLTRFGDDLTTQT,-9.8480644027593,False
2635,GRRELEISQELARIGDEPQAYY,-9.847671308344644,False
3569,GQWQREYGAQLARNGDDLNAQS,-9.847618663559652,False
3324,GQWIREIDAGLRRCADNTNAQA,-9.847579069900018,False
3454,GQWMREIGAQLARGADDLLTQN,-9.84723416915698,False
718,GRAEFDTIQELIRIGDELDAYY,-9.847125972079105,False
523,GRPEFHVVQELIRIGDEFQAYY,-9.847075160337448,False
925,GQWKREFGAQLTRSADDLVEQT,-9.84674720959562,False
1111,GQWQRELGAQLTRIGDDLTEQP,-9.846723581803728,False
3069,GQAAVDVTAQLVRMADDLEAQY,-9.846302672445589,False
3994,GQWAFHTIAQLTRMADDSNAQY,-9.846255862924432,False
783,GRWERDAGQELKRIGDEIKAYY,-9.846230430560324,False
3574,GQWQREFGAQLVRCADDLTEQP,-9.845883308973717,False
3163,GQSAYHIGAQLGRMADDHKAQY,-9.845690653191438,False
3026,GQPAFEAIAQLVRMADDDHAQY,-9.845672139874258,False
804,GRWEYHTVQELTRIGDEHHAYY,-9.845619950190152,False
4005,GQWVREIDAVLRRTADVFNAQT,-9.845506698581849,False
1418,GQWVRELGAQLTRVADDLVTQC,-9.845423343453914,False
1530,GRTECQVTQELGRIGDEAQAYY,-9.845385727749944,False
2382,GRPEYQASQELVRIGDEPEAYY,-9.845317294917834,False
3241,GQWNREYGAQLRRSADDLHTQH,-9.845313692368599,False
4196,GQWVREFGAQLVRYADDLTTQS,-9.845243218528866,False
3265,GQWKREFGAQLGRCADDLITQC,-9.845064688072515,False
1177,GQWLRELGAQLRRDADDLNKQS,-9.844977722809602,False
3031,GQRALEVIAQLIRMADDIDAQY,-9.844652808384726,False
2361,GRPEIWISQFLRRRGDVYNAYL,-9.84436601176045,False
3058,GQAAAQVSAQLIRMADDFEAQY,-9.844280627182425,False
3230,GQWNRELGAQLVRLGDDLITQY,-9.844051692322562,False
2937,GQTADQVGAQLGRMADDDKAQY,-9.843750354875189,False
3543,GQWHRELGAQLTRLADDLNTQY,-9.843666672571413,False
3544,GQWHRELGAQLRRSADDLDKQT,-9.84349172922428,False
2752,GRGEFQTGQELGRIGDEFQAYY,-9.843133427339577,False
2178,GRPLIWVAQELARLADEFNAYR,-9.842850975356047,False
3147,GQSADDVIAQLIRMADDSKAQY,-9.842606396315883,False
3266,GQWKREFGAQLVRSGDDLNEQT,-9.842342261016054,False
3489,GQWMREFGAQLTRIGDDLTAQS,-9.841982206948096,False
2945,GQTAVEVTAQLIRMADDLNAQY,-9.841896463823199,False
3040,GQRAYHIVAQLVRMADDSNAQY,-9.841749788971764,False
2500,GRPVIWIGQRLRRRGDEDNAYS,-9.841576478945882,False
2730,GRGEGQIIQELERIGDEAQAYY,-9.841398931768866,False
513,GRPESHIGQELGRIGDETHAYY,-9.841316581070586,False
3725,GQWLRELGAQLARPADDLITQH,-9.840796619873656,False
1175,GQWLREIGAQLVRAADDLHTQC,-9.840729527757805,False
3909,GQWAREICAGLRRPADMHNAQF,-9.840425978369387,False
2098,GRPLIWIGQGLRRAGDLDNAYT,-9.840387397203672,False
1524,GRTEYEITQELVRIGDETEAYY,-9.84032113550732,False
3806,GQWDRENGAQLTRYGDDLATQC,-9.840318870373805,False
1057,GQWMREIGAQLIRVADDLVEQT,-9.840249288061909,False
4207,WPMLREDGAQLARVADDLNKQP,-9.840231783800752,False
3956,GQWAVDIVAQLVRMADDDHAQY,-9.840190344841776,False
2625,GRREHDAAQELGRIGDEAEAYY,-9.839911366555818,False
2686,GRAEYDVVQELKRIGDEFHAYY,-9.83970749606264,False
3352,GQWIREIYAHLRRLADQHNAQV,-9.839648271056324,False
3218,GQWNRENGAQLVRFADDLVEQR,-9.8394491035114,False
3088,GQAAFETSAQLRRMADDFEAQY,-9.839323303710582,False
3775,GQWEREIYADLRRSADMDNAQL,-9.839098183891993,False
2708,GRAEFDTAQELIRIGDEFHAYY,-9.838984375364335,False
3150,GQSAAEIVAQLTRMADDVEAQY,-9.838769945548886,False
3419,GQWIRELGAQLTRTADDLPAQY,-9.838740639381633,False
3863,GQWAREIDASLRRSADVDNAQV,-9.838426869673356,False
2632,GRRELHIGQELERIGDEFNAYY,-9.838395785569423,False
4141,GQWVREFGAQLIRVADDLTTQP,-9.83802760631725,False
3470,GQWMRELGAQLVRIGDDLIEQD,-9.837290585691598,False
3858,GQWEREFGAQLGRIADDLLTQA,-9.837085941717104,False
3257,GQWKRELGAQLRRLADDLTKQG,-9.837061186010908,False
3795,GQWEREICAHLRRGADHYNAQF,-9.836922622736,False
3238,GQWNREVGAQLARFGDDLTAQG,-9.836904275287823,False
3168,GQSASQAVAQLTRMADDIEAQY,-9.836824816773381,False
4084,GQWVREICAHLRRPADLYNAQS,-9.836706663569672,False
3527,GQWQREISAFLRRPADVPNAQV,-9.836654686954214,False
3107,GQGAGHVSAQLVRMADDYKAQY,-9.836599854532707,False
752,GRSELDIIQELKRIGDEAQAYY,-9.836468383178717,False
3332,GQWIREIAANLRRRADQHNAQA,-9.836071670909103,False
1487,GRTEHQTGQELIRIGDEIQAYY,-9.835994239883302,False
4113,GQWVREHGAQLTRPADDLAKQR,-9.835974623190511,False
2931,GQTAHHVIAQLVRMADDAQAQY,-9.835218564724672,False
881,GQGAGHIGAQLTRMADDVEAQY,-9.835217024099848,False
3271,GQWTREIDAGLRRIADELNAQS,-9.835181613203462,False
3988,GQWACDAGAQLKRMADDSEAQY,-9.834552603116926,False
2936,GQTALDIGAQLVRMADDFHAQY,-9.834540103935835,False
256,GRPPIWIDQVLRRCGDIFNAYI,-9.834539092059744,False
3940,GQWAGHTSAQLERMADDSEAQY,-9.834523077329813,False
1585,GRRELEAIQELKRIGDEIEAYY,-9.834458090951363,False
3838,GQWERELGAQLTRSADDLVTQC,-9.834431530075587,False
1653,GRPKIWIYQNLRRSGDMINAYS,-9.834354337820177,False
3062,GQAAGHVGAQLRRMADDFQAQY,-9.834105354134946,False
3937,GQWAADTVAQLVRMADDVDAQY,-9.833975937024324,False
3418,GQWIREHGAQLARCADDLVTQS,-9.833796849838087,False
66,GRPKIWNAQELIRIGDEFPAYG,-9.83376536004592,False
3148,GQSAAHIVAQLARMADDFQAQY,-9.833732241416438,False
3103,GQGADDVGAQLARMADDLQAQY,-9.833427388429762,False
216,GRPQIWIGQGLRRSGDEANAYV,-9.833230098725815,False
3855,GQWEREYGAQLARCGDDLTAQP,-9.833092715426824,False
3752,GQWEREIDAVLRRLADDFNAQV,-9.832910113385667,False
1885,GRPIIWDAQELRRSGDEFNKYS,-9.832794802410435,False
1044,GQWIREDGAQLTRSADDLHEQC,-9.832619786126145,False
3445,GQWMRENGAQLARFADDLNTQC,-9.832329178857538,False
1606,GRREVHVSQELGRIGDEINAYY,-9.832150592921918,False
3135,GQSARHVVAQLARMADDYQAQY,-9.831993413513787,False
3191,GQSAFEVAAQLIRMADDVDAQY,-9.831755621751963,False
3328,GQWIREIDAFLRRSADMDNAQP,-9.831245791421974,False
3492,GQWMREFGAQLRRPADDLDEQG,-9.830954096252992,False
705,GRAERHVVQELVRIGDEVEAYY,-9.830905333742221,False
3729,GQWLREDGAQLVRCADDLDTQS,-9.830816165232756,False
3669,GQWLREIGAQLRRNADDLDAQR,-9.830809563713922,False
4195,GQWVREFGAQLVRPADDLVAQH,-9.830633133210403,False
3588,GQWPREISAVLRRCADQANAQF,-9.830170480791175,False
3078,GQAACEVVAQLIRMADDNNAQY,-9.82973066532635,False
529,GRPDIWIAQELGRNGDEFPAYY,-9.829573267634157,False
2996,GQRAFHITAQLIRMADDVNAQY,-9.829555865337763,False
1189,GQWLRENGAQLGRFADDLPEQR,-9.829350756455096,False
1935,GRPMIWVAQELARTGDEFTTYR,-9.828919555543383,False
2984,GQRAYEVAAQLTRMADDVHAQY,-9.828742571480571,False
2941,GQTAGDTGAQLRRMADDVEAQY,-9.828378965732467,False
3087,GQAAFHTAAQLTRMADDHHAQY,-9.828300756467206,False
4115,GQWVREHGAQLARIGDDLITQS,-9.828284006503317,False
2021,GRPQIWNAQELIRTGDEFAAYR,-9.827506122571409,False
2876,GRWESDIGQELERIGDEFEAYY,-9.827399003298787,False
3130,GQGAFDIIAQLTRMADDFEAQY,-9.827308420257376,False
3787,GQWEREISAVLRRIADHHNAQL,-9.827225445195683,False
4009,GQWVREIAAHLRRAADMDNAQA,-9.827076097322976,False
3408,GQWIREIGAQLTRCADDLTTQN,-9.826914026944397,False
3133,GQSAPDIIAQLTRMADDTQAQY,-9.8265747942437,False
4025,GQWVREIGADLRRTADMANAQI,-9.82656676273669,False
65,GRPNIWFAQELVRIADEFDTYH,-9.82654307141214,False
1055,GQWMRENGAQLRRIADDLLAQH,-9.826524661990039,False
3129,GQGAFHVVAQLGRMADDVQAQY,-9.826473142987773,False
3853,GQWEREYGAQLTRNGDDLITQC,-9.82640543947357,False
3034,GQRAGQVGAQLRRMADDYKAQY,-9.826045745880704,False
3128,GQGAFHAGAQLKRMADDINAQY,-9.825779471978164,False
2827,GRWEHDVIQELRRIGDEPHAYY,-9.825207719727242,False
3677,GQWLREIGAQLVRYGDDLHEQR,-9.82515680934509,False
679,GRREHDVSQELARIGDESQAYY,-9.82504388503721,False
1681,GRPNIWHAQELIRHADEFDEYR,-9.824997990491056,False
196,GRPMIWHAQELVRSGDEFAEYD,-9.824986191026376,False
1310,GQWALDVGAQLVRMADDFDAQY,-9.824324778870512,False
3721,GQWLREHGAQLIRLGDDLIEQS,-9.824314531823608,False
1311,GQWADHIIAQLRRMADDFHAQY,-9.824220257043748,False
1086,GQWQREIDAVLRRCADQVNAQA,-9.823855376314333,False
3127,GQGAFQISAQLRRMADDFQAQY,-9.823739863566514,False
1929,GRPMIWDAQELVRDADEFDEYN,-9.823661777792372,False
922,GQWNREFGAQLGRVGDDLIAQN,-9.823475913259523,False
3115,GQGAYEAGAQLERMADDSNAQY,-9.823237494671746,False
4,GRTEDQTSQELVRIGDEIDAYY,-9.822982081749952,False
489,GRPEIWFAQVLLRVADEFNAYY,-9.822536498849107,False
3597,GQWLREIAAILRRRADVANAQT,-9.82233707140088,False
920,GQWNREFGAQLRRAADDLAEQY,-9.822182146674107,False
3214,GQWKREICACLRRSADLSNAQT,-9.821849350405277,False
4003,GQWVREIDAILRRSADLFNAQA,-9.821141260742023,False
1178,GQWLRELGAQLIRVGDDLVTQT,-9.821032693250359,False
3049,GQAAREITAQLARMADDVQAQY,-9.820812526209613,False
3208,GQWKREIYAGLRRRADEDNAQI,-9.82050291573119,False
2815,GRSEFQTVQELRRIGDEYDAYY,-9.820288387133743,False
2753,GRGEFHTAQELIRIGDEVEAYY,-9.82018661111866,False
3322,GQWIREIDAILRRAADEVNAQA,-9.820074644968004,False
1857,GRPIIWICQCLRRGGDIYNAYL,-9.820007470624263,False
860,GQRAGDVGAQLRRMADDIHAQY,-9.819757336329829,False
2193,GRPLIWNAQELARSGDEFIAYY,-9.819681529800617,False
3557,GQWQREHGAQLTRLGDDLDTQR,-9.819504245591617,False
3549,GQWHREVGAQLVRDGDDLIEQS,-9.819243549545146,False
729,GRGEYQIIQELTRIGDEVNAYY,-9.819130124161463,False
3751,GQWEREIDADLRRIADKVNAQA,-9.818794142627938,False
3720,GQWLREHGAQLTRFGDDLATQP,-9.818659618519826,False
3862,GQWEREFGAQLVRLADDLVTQN,-9.818658181119801,False
3406,GQWIRENGAQLGRIGDDLDTQR,-9.81792639537813,False
1330,GQWAYDIVAQLERMADDFNAQY,-9.817900711210967,False
3708,GQWLREFGAQLVRSADDLNTQH,-9.817890696478104,False
3811,GQWDREIGAQLGRTGDDLAKQG,-9.81757366352684,False
3261,GQWKREYGAQLTRIADDLDAQS,-9.817249012153985,False
3947,GQWAGDVVAQLKRMADDVEAQY,-9.81711076103524,False
3517,GQWQREIYAVLRRLADVFNAQI,-9.816493004265881,False
1942,GRPMIWFAQELTRNADEFDEYT,-9.816376898694044,False
3506,GQWQREIAAFLRRCADDFNAQL,-9.816040064625037,False
3298,GQWTREISAGLRRSADVSNAQV,-9.815983361392076,False
1271,GQWAREIDAVLRRIADLVNAQS,-9.815686711215882,False
1291,GQWAREISANLRRAADDVNAQL,-9.815346724372825,False
3702,GQWLREYGAQLVRSADDLVEQH,-9.814392557881924,False
2787,GRSEVDAVQELVRIGDEYNAYY,-9.81421469207574,False
2377,GRPEDDITQELKRIGDEFHAYY,-9.81375133472001,False
3225,GQWNREHGAQLIRTGDDLPEQP,-9.813734074521818,False
3089,GQAAFEIIAQLVRMADDHEAQY,-9.813675166609166,False
857,GQRADHIIAQLVRMADDFKAQY,-9.813519875631949,False
3132,GQSAPHVVAQLTRMADDIEAQY,-9.813383020375882,False
2676,GRAEGHAIQELIRIGDEADAYY,-9.813020508357207,False
1048,GQWIREYGAQLARYADDLVAQY,-9.81294224486225,False
3761,GQWEREIGAILRRIADVDNAQV,-9.811625623234832,False
1183,GQWLREFGAQLRRGGDDLLEQR,-9.811267388561676,False
3459,GQWMREIGAQLVRYADDLNTQA,-9.81054788905934,False
3561,GQWQRELGAQLVRVGDDLLKQP,-9.810059471512428,False
3814,GQWDREHGAQLRRAADDLPAQR,-9.809970060139037,False
3816,GQWDRELGAQLTRPADDLDKQD,-9.80978491677918,False
2491,GRPVIWIAQYLRRRGDNPNAYF,-9.809544983316933,False
3190,GQSAFEVAAQLIRMADDVKAQY,-9.809522997351882,False
3750,GQWEREIDARLRRPADHFNAQI,-9.809235437086897,False
2735,GRGEVHVGQELRRIGDEIKAYY,-9.809203959065592,False
413,GRPEIWVAQILGRIADEFNAYY,-9.80900307912807,False
3693,GQWLREDGAQLARSGDDLDKQY,-9.80881045017058,False
771,GRSEFEAGQELARIGDEYEAYY,-9.808610619818369,False
3250,GQWKRENGAQLTRYADDLVTQD,-9.808276644286087,False
3192,GQSAFEVVAQLIRMADDFEAQY,-9.808170015648967,False
1269,GQWEREFGAQLARGADDLLKQC,-9.807478630931813,False
481,GRPEIWFAQELSRLADRFNAYY,-9.807293937535553,False
780,GRWERQTVQELRRIGDEDDAYY,-9.807025132240838,False
3008,GQPALDTVAQLRRMADDLKAQY,-9.806490673902072,False
2669,GRAEHDAVQELGRIGDEVQAYY,-9.805499404409595,False
1526,GRTESQVGQELGRIGDEAEAYY,-9.805488617014644,False
3928,GQWADQTGAQLERMADDAKAQY,-9.80535106664652,False
2916,CRPIIWIGQHLRRFGDVVNAYF,-9.805338902246653,False
499,GRPEIWFAQLLLRVADEFNAYY,-9.805296594123355,False
834,GQTAYEAVAQLTRMADDAKAQY,-9.805089586136976,False
657,GRPVIWFAQELVRNGDEFIAYD,-9.805023965667338,False
2400,GRPEFDVVQELARIGDEYKAYY,-9.80484763987331,False
2846,GRWEDDAVQELRRIGDEPNAYY,-9.804787159125723,False
2033,GRPPIWIDQDLRRLGDVTNAYT,-9.804596309810442,False
3194,GQSAFDVSAQLRRMADDSNAQY,-9.804089507995515,False
1285,GQWAREIYADLRRIADVSNAQI,-9.803969054447327,False
1260,GQWDREFGAQLIRFGDDLITQY,-9.803739287287463,False
2947,GQTAYQASAQLIRMADDFKAQY,-9.803653902664122,False
825,GRWEFDIIQELTRIGDETKAYY,-9.803556282204168,False
2740,GRGEYHVGQELVRIGDEYDAYY,-9.803518084147157,False
2913,VAVRSHASQELRRIGDEIEAYY,-9.803164154848954,False
3922,GQWARHIVAQLGRMADDVNAQY,-9.802523656650397,False
3161,GQSAYQVSAQLKRMADDFEAQY,-9.802516966750096,False
3829,GQWDREFGAQLRRNGDDLVAQA,-9.802487134994877,False
3682,GQWLRELGAQLRRDGDDLVEQC,-9.802206215349068,False
432,GRPEIWYAQFLARKADEFNAYY,-9.802161031631012,False
3481,GQWMREYGAQLIRRADDLITQT,-9.801728751684944,False
2638,GRREDHIVQELKRIGDEYHAYY,-9.801387525351027,False
451,GRPEIWLAQGLRRLADQFNAYY,-9.801164926215083,False
3828,GQWDREFGAQLTRCGDDLIEQP,-9.8011189945968,False
3057,GQAAAQAGAQLIRMADDVHAQY,-9.800962713709678,False
2797,GRSESEAVQELRRIGDELQAYY,-9.800957346334275,False
3944,GQWAGEVIAQLRRMADDHNAQY,-9.800517526703306,False
3851,GQWEREVGAQLIRHGDDLIEQT,-9.800505315791973,False
3258,GQWKRELGAQLRRAADDLHEQC,-9.7994859380609,False
2977,GQRAVEIVAQLARMADDVQAQY,-9.799293053938989,False
848,GQPAGHATAQLTRMADDYEAQY,-9.79898096339588,False
1182,GQWLREYGAQLARVGDDLVEQT,-9.798585327652184,False
3010,GQPAAEVSAQLRRMADDVQAQY,-9.798459424556365,False
2681,GRAEVDITQELERIGDESNAYY,-9.798409818838362,False
412,GRPEIWVAQILTRMADEFNAYY,-9.79837130038446,False
315,GRPLIWLAQELVRAADEFLAYG,-9.798287509489645,False
4050,GQWVREIYADLRRSADKFNAQS,-9.798174874287186,False
506,GRPEDQTSQELVRIGDEIDAYY,-9.79765812388586,False
4110,GQWVREIGAQLARDADDLLAQC,-9.797604573241523,False
437,GRPEIWWAQELGRLADEFNAYY,-9.797593143105356,False
2966,GQRAAQVIAQLERMADDIKAQY,-9.797386113011331,False
3735,GQWLREYGAQLTRFGDDLDEQH,-9.797322911546463,False
2973,GQRAGHVSAQLKRMADDDEAQY,-9.797319975727797,False
3563,GQWQREVGAQLTRIADDLHEQP,-9.797246580651038,False
1605,GRREGEVVQELGRIGDESEAYY,-9.796844426109008,False
1881,GRPIIWLAQELIRRGDEFPEYG,-9.795879082842669,False
3447,GQWMRENGAQLVRAADDLVAQP,-9.79538943849297,False
1641,GRPKIWIDQYLRRFGDVTNAYV,-9.795042073477104,False
2640,GRREDDAGQELERIGDEHHAYY,-9.794255535864762,False
3020,GQPASQTIAQLRRMADDDKAQY,-9.79336176482325,False
2791,GRSEYHTVQELTRIGDEANAYY,-9.7912634073036,False
2374,GRPERQVGQELVRIGDEIHAYY,-9.790347675995513,False
3153,GQSAGDTGAQLGRMADDVQAQY,-9.789383464687324,False
3848,GQWERELGAQLVRTADDLIEQG,-9.789206142064602,False
500,GRPEIWFAQLLLRLGDEFNAYY,-9.788979228339874,False
1284,GQWAREIYARLRRVADEFNAQI,-9.788780259021241,False
2637,GRRELDVIQELIRIGDEVEAYY,-9.788307218061922,False
3435,GQWIREYGAQLIRIGDDLNTQS,-9.787781691909457,False
4066,GQWVREISANLRRFADIHNAQI,-9.787524744192172,False
1861,GRPIIWNAQELIRYADEFDKYR,-9.787416516466095,False
894,GQSASDTAAQLRRMADDVDAQY,-9.786998009430123,False
4007,GQWVREIDAYLRRSADVYNAQS,-9.786685157587597,False
3508,GQWQREIGASLRRAADLFNAQP,-9.785058996141501,False
907,GQWKREISAYLRRIADVDNAQT,-9.785014108863765,False
3504,GQWQREIDADLRRLADDLNAQF,-9.784776426278864,False
2939,GQTAAQVTAQLVRMADDVEAQY,-9.784758936784524,False
3068,GQAAVEVVAQLRRMADDFDAQY,-9.7846682288041,False
2653,GRRESQTIQELIRIGDEVQAYY,-9.784486253123825,False
2769,GRSEDQIIQELVRIGDEHEAYY,-9.784423873637854,False
3084,GQAAFQVTAQLRRMADDAKAQY,-9.784337895433977,False
4067,GQWVREISAHLRRSADVVNAQL,-9.784311410726897,False
2398,GRPEFHVIQELKRIGDELKAYY,-9.783572857276507,False
1298,GQWAREICAGLRRVADHNNAQP,-9.782729356039713,False
3249,GQWNREFGAQLVRPGDDLDEQG,-9.781732098156695,False
4204,WPNGVPCHSQLGRMADDTKAQY,-9.781254513652707,False
3146,GQSADDTSAQLRRMADDVHAQY,-9.779404708006222,False
3097,GQGARDAVAQLKRMADDLEAQY,-9.779307137543569,False
1405,GQWVREICAVLRRVADISNAQV,-9.778173077070342,False
730,GRGEYQIVQELRRIGDESHAYY,-9.777386330549751,False
421,GRPEIWYAQEIKRFGDEYNAYY,-9.777112219946524,False
3373,GQWIREISASLRRIADLDNAQF,-9.777088558483623,False
246,GRPHIWFAQELGRVADEFAEYA,-9.77667729460208,False
3728,GQWLREDGAQLTRSGDDLATQY,-9.776133122581657,False
486,GRPEIWFAQVLTRLADQFNAYY,-9.775415773396153,False
4120,GQWVRELGAQLVRRADDLTKQC,-9.774947914358922,False
3283,GQWTREIGANLRRIADINNAQS,-9.773956120755471,False
3327,GQWIREIDACLRRGADDFNAQL,-9.773869967671311,False
2724,GRGEDDISQELERIGDEDEAYY,-9.773764899895653,False
495,GRPEIWFAQYLSRLADQFNAYY,-9.773578399499293,False
3253,GQWKREIGAQLARFADDLLTQS,-9.772724059827672,False
2687,GRAESDTSQELIRIGDETEAYY,-9.771788543957328,False
3131,GQSAHEIGAQLERMADDFHAQY,-9.771570519444763,False
458,GRPEIWLAQVLVRVADEFNAYY,-9.771234876229398,False
3085,GQAAFQVIAQLVRMADDVEAQY,-9.771060211225189,False
2444,GRPAIWIDQRLRRCGDESNAYF,-9.77064702256828,False
1456,WPMVREVGAQLIRFADDLTEQS,-9.770285605782599,False
490,GRPEIWFAQVLLRLADQFNAYY,-9.769852606180763,False
3477,GQWMREVGAQLVRSADDLHAQP,-9.769640853378842,False
498,GRPEIWFAQLLSRLGDQFNAYY,-9.769374057620883,False
501,GRPEIWFAQFLARLADQFNAYY,-9.768811046703084,False
3030,GQRALHTIAQLERMADDLEAQY,-9.768584982320675,False
2647,GRREGDVVQELVRIGDEIEAYY,-9.768270141440027,False
4198,GQWVREFGAQLVRSGDDLAEQN,-9.767802621013542,False
1502,GRTEDQIIQELIRIGDEAEAYY,-9.765042981735576,False
1576,GRRERQIVQELTRIGDEFDAYY,-9.764004266128312,False
3004,GQPAHEVGAQLARMADDTNAQY,-9.763404873458843,False
2386,GRPEYDVSQELIRIGDELKAYY,-9.76330993252616,False
4148,GQWVLEHGAQLVRRGDDLTKQP,-9.763205183373392,False
1829,GRPIIWISQNLRRCGDNYNAYI,-9.763169732778152,False
2732,GRGEVQTVQELRRIGDEVKAYY,-9.762572899291984,False
3248,GQWNREFGAQLIRVADDLNTQT,-9.761969998331717,False
28,GRREPHVAQELGRIGDEVEAYY,-9.761012928796577,False
4122,GQWVREDGAQLRRTGDDLPEQS,-9.760386055893983,False
3807,GQWDRENGAQLARAGDDLVTQH,-9.760385132634449,False
444,GRPEIWWAQWFSRLADEFNAYY,-9.760099028308048,False
3260,GQWKREVGAQLRRSADDLPTQT,-9.760059343213754,False
485,GRPEIWFAQGLVRIADEFNAYY,-9.759778226760476,False
465,GRPEIWLAQYLLRVADEFNAYY,-9.759330090128516,False
3277,GQWTREIAAHLRRGADVNNAQF,-9.759092752421058,False
383,GRPEIWIAQELRRIADGFNAYY,-9.759052117357156,False
442,GRPEIWWAQDFKRFADEFNAYY,-9.758013380992484,False
3961,GQWAYHTIAQLKRMADDDEAQY,-9.7571234986674,False
255,GRPQIWFAQELVRTGDEFIKYS,-9.7564122904088,False
492,GRPEIWFAQYLARMADQFNAYY,-9.75490284923919,False
2927,WPLGIPNSQELIRIGDEIHAYY,-9.754719846037359,False
419,GRPEIWVAQYLLRIADEFNAYY,-9.752900177195757,False
464,GRPEIWLAQYLLRIADEFNAYY,-9.751967531799206,False
3254,GQWKREHGAQLTRTGDDLLAQD,-9.7517619519342,False
460,GRPEIWLAQVLLRVADEFNAYY,-9.751456261510818,False
2477,GRPVIWIDQYLRRRGDHPNAYV,-9.751042114160828,False
457,GRPEIWLAQVLVRAADEFNAYY,-9.75089055591244,False
3749,GQWEREIDASLRRIADDINAQA,-9.750456107612232,False
2754,GRGEFHVTQELRRIGDEFDAYY,-9.750343020672004,False
3216,GQWNRENGAQLGRFGDDLIAQS,-9.748688581311338,False
518,GRPECHVIQELERIGDEAQAYY,-9.748165384474463,False
478,GRPEIWFAQILARIGDQFNAYY,-9.747427001536504,False
3162,GQSAYHTVAQLIRMADDLDAQY,-9.746886375838956,False
2633,GRRELHVSQELVRIGDEFNAYY,-9.74595777482878,False
440,GRPEIWWAQELSRFADEFNAYY,-9.74563266091866,False
1433,GQWVRENGAQLVRIGDDLDAQY,-9.744204271420642,False
508,GRPEVEITQELTRIGDEIQAYY,-9.742587450373252,False
438,GRPEIWWAQELGRFADEFNAYY,-9.74251922688451,False
477,GRPEIWFAQNLLRVADEFNAYY,-9.742095301265051,False
3227,GQWNRELGAQLTRAADDLDEQP,-9.741388245609755,False
420,GRPEIWVAQWLSRLADEFNAYY,-9.740220353965213,False
1565,GRTEFDTTQELIRIGDEVEAYY,-9.737036133467852,False
3200,GQWKREIAARLRRVADLVNAQA,-9.736894000111509,False
3778,GQWEREIYADLRRVADVYNAQA,-9.736272037897518,False
3052,GQAALEVIAQLRRMADDFKAQY,-9.73607494100548,False
3091,GQAAFEAIAQLRRMADDHKAQY,-9.736036124989369,False
2997,GQRAFETAAQLKRMADDAEAQY,-9.732657176271127,False
3048,GQAAPDVTAQLGRMADDFHAQY,-9.731064602224397,False
1647,GRPKIWIAQDLRRVGDVNNAYV,-9.730416660712242,False
431,GRPEIWYAQLLGRIADEFNAYY,-9.729661595930647,False
3429,GQWIREDGAQLVRVADDLHTQR,-9.72918895404498,False
1950,GRPQIWIDQNLRRFGDLINAYF,-9.727844525620318,False
5,GRTEDQTIQELARIGDENDAYY,-9.727443718489393,False
386,GRPEIWIAQYLARMADQFNAYY,-9.726734276334527,False
483,GRPEIWFAQDFKRLADEFNAYY,-9.726021042348204,False
2037,GRPPIWIAQDLRRFGDNANAYT,-9.72525731977916,False
1145,GQWLREIYAFLRRTADVYNAQI,-9.724907306230351,False
1834,GRPIIWISQLLRRSGDKINAYF,-9.724427659355175,False
2380,GRPEGHVSQELKRIGDENNAYY,-9.723539631170523,False
425,GRPEIWYAQELARKADEFNAYY,-9.723072550329976,False
1514,GRTEGDTAQELGRIGDELKAYY,-9.721227970025891,False
2915,VPVAVRNAMSFRRIGDEAHAYY,-9.72077224042249,False
445,GRPEIWWAQLLGRFADEFNAYY,-9.720386673440645,False
487,GRPEIWFAQVLARLADQFNAYY,-9.719012471973127,False
2667,GREEAEAGQELGRIGDEYNAYY,-9.71886155371303,False
441,GRPEIWWAQEFKRIADEFNAYY,-9.718664956041774,False
453,GRPEIWLAQVLARIGDQFNAYY,-9.718657684383077,False
459,GRPEIWLAQVLVRWADEFNAYY,-9.718624510039657,False
2794,GRSEYDVIQELRRIGDETHAYY,-9.715793519919048,False
1527,GRTESEITQELVRIGDEIHAYY,-9.714361359185112,False
3358,GQWIREIYAVLRRSADLVNAQV,-9.714335321866699,False
497,GRPEIWFAQWLLRVADEFNAYY,-9.712896547829402,False
450,GRPEIWLAQDLKRIGDEFNAYY,-9.712020267701496,False
475,GRPEIWLAQFLSRLADEFNAYY,-9.711692878205607,False
429,GRPEIWYAQVLSRLADEFNAYY,-9.709341961007844,False
443,GRPEIWWAQWLRRKGDEFNAYY,-9.707192429954137,False
428,GRPEIWYAQVLARMADQFNAYY,-9.706614147913506,False
449,GRPEIWLAQEFRRLADQFNAYY,-9.704646451113273,False
2029,GRPQIWDAQELIRFADEFTKYY,-9.704630197189706,False
466,GRPEIWLAQSLLRIADQFNAYY,-9.704547524537645,False
469,GRPEIWLAQWLARFGDQFNAYY,-9.703854837604592,False
504,GRPEREIVQELVRIGDEHDAYY,-9.703621667124438,False
446,GRPEIWLAQMLTRLADQFNAYY,-9.701126281783614,False
455,GRPEIWLAQVLGRWADEFNAYY,-9.69994488220984,False
891,GQSADDIVAQLVRMADDYNAQY,-9.698063706530377,False
385,GRPEIWIAQVLARMADQFNAYY,-9.6978678442352,False
1432,GQWVRENGAKLARSADDLAAQP,-9.697515952320996,False
1508,GRTEADTTQELKRIGDEIQAYY,-9.696891467224926,False
462,GRPEIWLAQYLGRMADEFNAYY,-9.694943654174637,False
3112,GQGAVDVSAQLERMADDTEAQY,-9.694854721845948,False
733,GRGEYDIAQELVRIGDEPNAYY,-9.69376459399922,False
2831,GRWERHTTQELERIGDEIEAYY,-9.69280693865428,False
833,GQTADHISAQLVRMADDVNAQY,-9.692278132619874,False
435,GRPEIWWAQRLGRFADEFNAYY,-9.691839880441178,False
2399,GRPEFHVVQELTRIGDESNAYY,-9.691289367441804,False
452,GRPEIWLAQGLARAADEFNAYY,-9.691061808542276,False
1351,GQWAFDIIAQLVRMADDVHAQY,-9.689195894068362,False
390,GRPEIWIAQFLSRLADEFNAYY,-9.688520011749427,False
3452,GQWMREIGAQLARRADDLVAQS,-9.688057689071679,False
493,GRPEIWFAQYLGRLADQFNAYY,-9.687953546735256,False
496,GRPEIWFAQSLRRLGDEFNAYY,-9.685625324894888,False
788,GRWELDTVQELVRIGDESNAYY,-9.68145802673871,False
179,GRPIIWDAQELVRSGDEFDAYA,-9.675747441162976,False
3018,GQPAYHTIAQLIRMADDNDAQY,-9.675021856168057,False
468,GRPEIWLAQWLTRWGDQFNAYY,-9.670913475159233,False
3555,GQWQRENGAQLARFGDDLNAQG,-9.665669138116966,False
436,GRPEIWWAQMLGRAADEFNAYY,-9.665306463978565,False
482,GRPEIWFAQELSRLADQFNAYY,-9.659058132249363,False
887,GQSALQIAAQLIRMADDTQAQY,-9.658929673507343,False
470,GRPEIWLAQWLSRWGDQFNAYY,-9.658118163430816,False
867,GQAALQTSAQLRRMADDLDAQY,-9.652114162963011,False
588,GRPVIWIAQLLRRSGDVFNAYF,-9.650493268646287,False
454,GRPEIWLAQVLGRVADEFNAYY,-9.648328141724344,False
12,GRTEVDAAQELIRIGDEFNAYY,-9.646235675689024,False
1503,GRTEDHTSQELGRIGDEINAYY,-9.644471775954141,False
760,GRSEGEVAQELVRIGDEFEAYY,-9.643475785426695,False
917,GQWNREYGAQLIRIADDLIEQN,-9.642648802149797,False
1096,GQWQREIYAFLRRSADKSNAQV,-9.642333483369523,False
2963,GQRAHDITAQLGRMADDLNAQY,-9.636919384062368,False
3927,GQWALEATAQLIRMADDIEAQY,-9.632799936405123,False
1085,GQWMREFGAQLVRLGDDLHEQH,-9.627939495619637,False
71,GRPKIWLAQELVRSADEFLEYT,-9.62725106403859,False
472,GRPEIWLAQFLTRMADEFNAYY,-9.627007747745498,False
77,GRPTIWIGQDLRRVGDVPNAYL,-9.617160786388835,False
248,GRPQIWHAQELARSGDEFTTYD,-9.615734481603264,False
448,GRPEIWLAQELSRLADQFNAYY,-9.614675677624707,False
447,GRPEIWLAQELIRLGDRFNAYY,-9.609592980552597,False
433,GRPEIWYAQFLGRLADQFNAYY,-9.609217830898526,False
439,GRPEIWWAQELSRIADEFNAYY,-9.606882954232074,False
461,GRPEIWLAQYLARMADQFNAYY,-9.597411885724602,False
252,GRPQIWVAQELGRIADEFAAYS,-9.597389902458586,False
343,GRPEIWIDQFLRRVGDDINAYF,-9.592066271143443,False
903,GQSAFDVIAQLIRMADDVHAQY,-9.583085042480636,False
1066,GQWMRELGAQLGRSADDLVKQR,-9.577281249205518,False
1392,GQWVREIYAFLRRCADMNNAQV,-9.571169156999405,False
770,GRSEFEAIQELRRIGDEYNAYY,-9.56275608852435,False
388,GRPEIWIAQYLGRMADEFNAYY,-9.559674640029254,False
728,GRGEVEVSQELERIGDEHEAYY,-9.559438969713533,False
914,GQWNRELGAQLIRIGDDLTKQS,-9.555727509152254,False
2126,GRPLIWISKYLRRFGDMVNAYY,-9.550723800265356,False
878,GQGAREVGAQLGRMADDFEAQY,-9.5430262261602,False
808,GRWEYDAIQELVRIGDESDAYY,-9.532545684679835,False
244,GRPHIWFAQELARVADEFPAYR,-9.529667812335381,False
841,GQRADQTSAQLIRMADDYNAQY,-9.52889113334926,False
1238,GQWEREIYAFLRRSADEFNAQI,-9.523319556316597,False
1364,GQWVREIAAVLRRGADVVNAQA,-9.520708838491672,False
1350,GQWAFDIIAQLARMADDVQAQY,-9.498199887233698,False
2879,GRWECHTGQELRRIGDEFDAYY,-9.48762368361202,False
1117,GQWQREVGAQLVRLADDLHKQN,-9.478238257258843,False
1537,GRTECHIGQELVRIGDELQAYY,-9.473569867449033,False
2998,GQRAFDVIAQLTRMADDFDAQY,-9.439802325929154,False
684,GRRERDIVQELIRIGDEFHAYY,-9.426536441749935,False
751,GRSELEIIQELKRIGDESDAYY,-9.42503697993607,False
856,GQRARHTGAQLGRMADDYHAQY,-9.419466252023751,False
2396,GRPECDIVQELRRIGDESDAYY,-9.39438349049646,False
846,GQPAADISAQLARMADDVHAQY,-9.374850592313203,False
1507,GRTEAQTGQELKRIGDEYHAYY,-9.338584171085927,False
389,GRPEIWIAQLLIRFGDEFNAYY,-9.336109901581661,False
1618,GRRECQIVQELRRIGDELEAYY,-9.328574251277743,False
1553,GRTECEVAQELGRIGDELEAYY,-9.325362428306649,False
1533,GRTECHTIQELVRIGDELDAYY,-9.312326977185839,False
1616,GRRECQIGQELARIGDELNAYY,-9.288798341840637,False
2804,GRSECQVVQELRRIGDEFDAYY,-9.19820593323344,False
