,protein,x1_mean_ener,binder
2440,GQWEREIGAHLRRVADLFNAQA,-12.68327049698606,True
2035,GQWIREIAANLRRIADLINAQF,-12.47824958219826,True
2045,GQWIREIAADLRRLADLFNAQL,-12.453861805323498,True
2721,GQWVREISASLRRIADLLNAQF,-12.415416852068795,True
2098,GQWIREISAILRRLADLFNAQF,-12.386538061352832,True
2050,GQWIREIAAYLRRIADQLNAQL,-12.360402056909802,True
2293,GQWLREIGALLRRIADVYNAQI,-12.2444888705369,True
1807,DQWEREIAANLRRIADDVNAQI,-12.244350371578825,True
2096,GQWIREISAILRRIADDFNAQI,-12.24118539529959,True
2061,GQWIREIGALLRRIADMFNAQF,-12.227119095147062,True
2101,GQWIREISARLRRLADDLNAQL,-12.217107636125492,True
2516,GQWEREVGAQLARIGDDLVEQC,-12.14495675373702,True
850,GRPLIWLAQELARIADEFHTYN,-12.13648427846725,True
2441,GQWEREIGALLRRIADVINAQA,-12.095379092903798,True
2432,GQWEREIAALLRRIADLYNAQI,-12.080123301340747,True
1985,GQWTREIAACLRRAADDFNAQI,-12.057716036559013,True
2252,GQWQREIGAQLARIGDDLNEQS,-12.03775055653399,True
2062,GQWIREIGALLRRIADVINAQA,-12.028505545068633,True
2059,GQWIREIGALLRRIADMFNAQL,-12.025629877280519,True
2442,GQWEREIGALLRRIADVINAQV,-12.017698311324045,True
2597,GQWADYIGAQLRRMADDYNAQY,-12.005488812024634,True
4108,GQWQREISAGLRRIADDFNAQA,-11.998743639048051,True
2038,GQWIREIAASLRRIADVLNAQS,-11.990787260870562,True
2060,GQWIREIGALLRRIADMFNAQV,-11.989145300164706,True
2428,GQWEREIAASLRRIADVLNAQS,-11.984877611601195,True
2645,GQWAFQVAAQLKRMADDIQAQY,-11.980935521440296,True
2674,GQWVREIAAYLRRIADLLNAQF,-11.971861311286132,True
2956,GRPIIWIAQELGRLADEFDAYY,-11.969137901218975,True
2457,GQWEREIGAFLRRIADIFNAQV,-11.969005196656964,True
2427,GQWEREIAANLRRIADDVNAQI,-11.956134933509945,True
2315,GQWLREISANLRRLADQLNAQF,-11.953887061084812,True
2673,GQWVREIAAYLRRIADLLNAQV,-11.941629937911294,True
3689,GQAACEVGAQLGRMADDFQAQY,-11.938134354704713,True
2203,GQWMREFGAQLRRLADDLDAQY,-11.930869834022268,True
2047,GQWIREIAAGLRRIADLFNAQV,-11.92264198001257,True
1979,GQWTREIAAYLRRIADLLNAQV,-11.91778593584366,True
2529,GQWAREIAASLRRIADVLNAQF,-11.912521720535311,True
2533,GQWAREIAARLRRIADLLNAQF,-11.893214075670905,True
2528,GQWAREIAASLRRIADVLNAQS,-11.891000605997114,True
2426,GQWEREIAANLRRIADEFNAQL,-11.880166736393573,True
2040,GQWIREIAASLRRCADELNAQA,-11.875831528549874,True
1993,GQWTREIGASLRRIADEFNAQF,-11.875339474446788,True
2542,GQWAREIAACLRRFADDFNAQL,-11.873197970076326,True
2436,GQWEREIGANLRRIADQINAQL,-11.83688577148993,True
529,GRPIIWYAQELRRYGDEFHEYY,-11.836662420886535,True
2665,GQWVREIAASLRRIADVLNAQS,-11.831585125967116,True
1992,GQWTREIGASLRRIADEFNAQV,-11.825953942649114,True
2507,GQWERELGAQLRRVGDDLDKQR,-11.825826904917447,True
3741,GQGACEVGAQLRRMADDIQAQY,-11.8236992409499,True
1972,GQWTREIAAILRRIADDYNAQV,-11.822627789545695,True
2724,GQWVREISAGLRRIADELNAQI,-11.787069942885655,True
4039,GQWMREIGAQLRRAGDDLNKQT,-11.783209001748354,True
3405,GRPVIWVAQELRRIGDEFNAYG,-11.778304274076884,True
2439,GQWEREIGAILRRIADKFNAQF,-11.777905152289085,True
1816,GQTAYEIIAQLIRMADDFHAQY,-11.772781388842509,True
3640,GQRAGQVGAQLRRMADDYKAQY,-11.766523916548104,True
4521,GQWVREIGAILRRIADNYNAQF,-11.765858185371366,True
2283,GQWLREIAAYLRRIADIYNAQA,-11.758921037995263,True
3902,GQWTREIGAFLRRIADEVNAQT,-11.755776273751529,True
2183,GQWMRELGAQLARIGDDLIKQY,-11.745735385704926,True
2551,GQWAREIGACLRRIADQFNAQV,-11.745618852864666,True
2450,GQWEREIGAYLRRIADVYNAQA,-11.74487278979515,True
1861,GQAAADVGAQLRRMADDYNAQY,-11.74213205610939,True
886,GRPEIWIGQGLRRLGDHFNAYI,-11.740413591456724,True
2535,GQWAREIAADLRRIADIFNAQI,-11.738055770894473,True
2456,GQWEREIGAFLRRIADKINAQA,-11.726410166468753,True
4402,GQWAREIGARLRRLADVFNAQF,-11.724725188887325,True
894,GRPEIWIGQFLRRLGDVFNAYF,-11.721123226686629,True
867,GRPLIWFAQELVRYADEFIEYY,-11.717850526343206,True
2290,GQWLREIGAHLRRVADLLNAQI,-11.710461358025178,True
2066,GQWIREIGAVLRRIADEFNAQI,-11.70856294825006,True
3027,GRPHIWLAQELRRIADEFNAYS,-11.707500767944085,True
3103,GRPLIWYAQELRRFGDEFVKYH,-11.70417522222459,True
3352,GRPVIWIAQILRRFGDLFNAYF,-11.702207001436546,True
4657,GQWVREVGAQLRRVGDDLVTQY,-11.693867719478295,True
2052,GQWIREIAACLRRIADNFNAQI,-11.690432100725475,True
815,GRPLIWVAQELARLADEFNAYR,-11.687826084365364,True
4408,GQWAREIGAYLRRIADNFNAQI,-11.685039331597107,True
3078,GRPLIWIGQFLRRIGDEYNAYF,-11.679773104986776,True
2275,GQWLREIAANLRRIADLINAQV,-11.673647089500431,True
3597,GQPAREIGAQLGRMADDFEAQY,-11.671783102995331,True
2527,GQWAREIAASLRRIADVLNAQY,-11.667647467867685,True
2285,GQWLREIAACLRRAADMFNAQF,-11.665577157653685,True
3048,GRPPIWIAQCLRRIGDEYNAYA,-11.656767961347704,True
800,GRPLIWHAQELRRIADEFIAYY,-11.652917529023123,True
2288,GQWLREIAAFLRRSADLLNAQL,-11.646476994601665,True
888,GRPEIWIGQVLRRLGDLFNAYF,-11.641784633826639,True
4178,GQWLREIAAFLRRIADVFNAQF,-11.63959374538043,True
2448,GQWEREIGAVLRRLADLLNAQA,-11.635160203931227,True
2281,GQWLREIAAGLRRLADVLNAQL,-11.634102120729196,True
838,GRPLIWIAQELRRCADEFHKYA,-11.627204736734399,True
2510,GQWERELGAQLARAGDDLNAQT,-11.627127833209665,True
4655,GQWVREVGAQLRRIGDDLLAQS,-11.623646343558788,True
542,GRPIIWFAQELIRFGDEFDAYR,-11.623518822610247,True
4247,GQWLREVGAQLRRIGDDLAAQR,-11.620945323942973,True
1882,GQAAFDIAAQLRRMADDFNAQY,-11.618470206626188,True
1808,DQWAREIAADLRRIADIFNAQI,-11.617864875834494,True
1184,GRPVIWYAQELRRIADEFAAYD,-11.616846240166922,True
3948,GQWIREIAAYLRRFADVFNAQI,-11.610351474886784,True
2159,GQWIRELGAQLVRIADDLNAQY,-11.609898305613616,True
2194,GQWMREVGAQLRRIGDDLIKQS,-11.608568716063846,True
4173,GQWLREIAANLRRTADKFNAQS,-11.607739034273402,True
680,GRPQIWLAQELARLGDEFAALW,-11.589663664554136,True
4556,GQWVREISARLRRLADDINAQV,-11.587910623406328,True
2106,GQWIREISAVLRRIADEINAQV,-11.587174980981768,True
2429,GQWEREIAASLRRFADDYNAQI,-11.584182246339616,True
2478,GQWEREISARLRRIADMFNAQL,-11.583372128690815,True
2608,GQWAGDIGAQLRRMADDFKAQY,-11.582426008853956,True
1999,GQWTREIGACLRRIADVFNAQF,-11.58228632834307,True
829,GRPLIWFAQELARYGDEFDAYG,-11.580633772940981,True
2071,GQWIREIGAFLRRIADLLNAQL,-11.567891678079002,True
2684,GQWVREIGAILRRIADLLNAQV,-11.56631384524433,True
995,GRPEIWIAQELRRIADEFLAYD,-11.566003850775623,True
2014,GQWTREISACLRRLADLFNAQI,-11.559881967920841,True
3760,GQSADQIGAQLVRMADDFQAQY,-11.559303407875323,True
825,GRPLIWYAQELVRLADEFTTYY,-11.557336505207203,True
4374,GQWERELGAQLRRIGDDLHTQP,-11.55716700902777,True
2420,GQWLREFGAQLARFGDDLDAQA,-11.557131149377854,True
567,GRPMIWLAQELRRIADEFHTYY,-11.55628604382612,True
539,GRPIIWFAQELRRCADEFAAYS,-11.550915465751942,True
524,GRPIIWVAQELVRYADEFHAYY,-11.55053848508605,True
2227,GQWQREIGAYLRRIADVINAQF,-11.549244543088822,True
2140,GQWIREICAFLRRVADQLNAQL,-11.547144600519246,True
2013,GQWTREISAYLRRIADEYNAQV,-11.542034059447236,True
2010,GQWTREISALLRRLADVFNAQF,-11.540899764467618,True
3107,GRPLIWFAQELRRHGDEFHKYG,-11.540827207947716,True
2279,GQWLREIAADLRRVADEINAQL,-11.539977628783387,True
1978,GQWTREIAAYLRRIADMVNAQV,-11.539945501470356,True
2526,GQWAREIAANLRRIADVFNAQL,-11.53804508364248,True
2543,GQWAREIAAFLRRVADEVNAQT,-11.536990836486911,True
4405,GQWAREIGADLRRAADMLNAQV,-11.534696842338187,True
2633,GQWACEVGAQLGRMADDFNAQY,-11.534328834469438,True
3511,GRWEVQISQELRRIGDEFNAYY,-11.53398843665848,True
2182,GQWMRELGAQLARIADDLVTQS,-11.531366423597575,True
3951,GQWIREIGANLRRLADMVNAQF,-11.530856018215575,True
2777,GQWVREFGAQLARIGDDLVAQY,-11.52627595103414,True
974,GRPDIWIAQELRRIADEFNTYA,-11.524930904929569,True
790,GRPLIWIAQELRRHADEFDEYY,-11.520157710184765,True
2683,GQWVREIGASLRRFADEFNAQF,-11.519017036110856,True
805,GRPLIWLAQELARVADEFVEYA,-11.515700954227063,True
2041,GQWIREIAAHLRRIADDLNAQT,-11.514382237633807,True
2918,GRPIIWIAQVLRRLGDIYNAYL,-11.514143305953874,True
2694,GQWVREIGAYLRRLADLYNAQA,-11.513200355680862,True
2555,GQWAREIYAILRRLADHFNAQL,-11.512268406839254,True
706,GRPPIWIGQFLRRIGDLFNAYF,-11.51033017983291,True
3835,GQWNRELGAQLRRIGDDLTKQN,-11.508842932741274,True
4559,GQWVREISAYLRRIADKFNAQI,-11.505699194912648,True
2546,GQWAREIGAGLRRIADNYNAQA,-11.503919569022935,True
3983,GQWIREISAYLRRIADKYNAQL,-11.501283749223214,True
1099,GRPVIWIGQCLRRIGDLYNAYL,-11.499772647249504,True
3980,GQWIREISADLRRVADDYNAQV,-11.498252454718733,True
796,GRPLIWIAQELARYGDEFNAYY,-11.496453764461446,True
3129,GRPLIWFAQELARGADEFHAYR,-11.494393084389053,True
288,GRPNIWVAQELIRIADEFNAYY,-11.49361161823212,True
2998,GRPQIWIAQILRRFGDDYNAYV,-11.49191645047992,True
4096,GQWQREIGANLRRLADNINAQL,-11.490733391438052,True
795,GRPLIWIAQELARYADEFNAYR,-11.489243739395668,True
2063,GQWIREIGALLRRIADVLNAQL,-11.48638416297165,True
4284,GQWLREVGAQLRRIGDDLATQS,-11.484530457714213,True
2513,GQWERELGAQLGRIADDLNAQG,-11.482179767332617,True
2447,GQWEREIGAVLRRIADLFNAQI,-11.47924443416354,True
1988,GQWTREIAAFLRRIADIFNAQL,-11.478622519793365,True
1802,SQWTREIGACLRRIADVLNAQI,-11.47372329371019,True
2331,GQWLREICAHLRRIADELNAQA,-11.471656473921168,True
2537,GQWAREIAAGLRRVADDINAQV,-11.47154010048787,True
857,GRPLIWVAQELARLGDEFDKYG,-11.470997716831686,True
1805,DQWTREIAAFLRRIADIFNAQL,-11.468756442627637,True
2208,GQWMREFGAQLARIADDLVTQY,-11.466978712092763,True
2070,GQWIREIGACLRRFADELNAQI,-11.46685201657328,True
2688,GQWVREIGADLRRIADVFNAQF,-11.465761551748418,True
2599,GQWAAQVVAQLKRMADDLQAQY,-11.46518321200307,True
855,GRPLIWVAQELRRIADEFLAYG,-11.46240354802054,True
726,GRPLIWIAQILRRIGDDFNAYT,-11.46189798412147,True
1207,GRPVIWIAQELARIADEFLAYT,-11.460906482757544,True
2073,GQWIREIGAFLRRLADMLNAQF,-11.460894479083855,True
2835,GRTECDIAQELKRIGDEFDAYY,-11.459617699219711,True
509,GRPIIWLAQELIRIADEFDEYH,-11.459130838545981,True
710,GRPPIWIGQFLRRAGDDFNAYI,-11.458786035251517,True
395,GRPIIWIGQLLRRIGDLFNAYF,-11.45737055387908,True
3410,GRPVIWYAQELARAADEFVAYR,-11.45696435085694,True
3046,GRPQIWFAQELRRYADEFHAYA,-11.454625497395948,True
2406,GQWLREVGAQLARFGDDLLKQY,-11.454363396357847,True
2282,GQWLREIAAYLRRSADELNAQI,-11.452014258233275,True
2444,GQWEREIGADLRRIADVFNAQF,-11.44435713609645,True
3106,GRPLIWFAQELTRYADEFIAYA,-11.44320498186492,True
3450,GRREYHVIQELIRIGDEFDAYY,-11.442188617397845,True
2376,GQWLREIGAQLRRFADDLNAQY,-11.441049685877564,True
839,GRPLIWIAQELIRIGDEFDAYA,-11.436524637575689,True
4077,GQWMREFGAQLRRVADDLDAQS,-11.436356157518905,True
2664,GQWVREIAASLRRIADKFNAQL,-11.436068915326032,True
2727,GQWVREISAYLRRIADIINAQF,-11.435563819248168,True
490,GRPIIWIAQELRRYADEFLKYY,-11.434934068373973,True
2479,GQWEREISAYLRRLADHLNAQV,-11.433487024907432,True
1994,GQWTREIGAILRRLADDINAQF,-11.432484585474146,True
4525,GQWVREIGADLRRLADIYNAQA,-11.43240792033817,True
2048,GQWIREIAAGLRRLADKFNAQF,-11.427237621522664,True
2221,GQWQREIAAYLRRIADLLNAQP,-11.426695951687488,True
2356,GQWLREVGAQLRRIADDLVKQN,-11.425981398043302,True
4512,GQWVREIAAILRRIADVINAQV,-11.42576041737895,True
1008,GRPEIWLAQELIRLGDEFNAYA,-11.424649090805584,True
4647,GQWVRELGAQLARIGDDLTTQR,-11.423752874763565,True
3411,GRPVIWYAQELGRYGDEFNKYN,-11.423589228754532,True
2374,GQWLREIGAQLRRIADDLIEQC,-11.422462562229756,True
2780,GQWVREFGAQLARFGDDLVKQY,-11.422133807428324,True
1190,GRPVIWFAQELRRLGDEFDEYH,-11.421372484080743,True
2266,GQWPREIGAILRRLADDINAQF,-11.419077527731533,True
2592,GQWADHIIAQLRRMADDFHAQY,-11.418217417287288,True
3895,GQWTREIGAILRRIADKLNAQA,-11.417845243768554,True
2438,GQWEREIGASLRRFADEFNAQF,-11.417714380760419,True
856,GRPLIWVAQELRRAADEFHEYA,-11.417100680265701,True
2184,GQWMRELGAQLARIGDDLLEQS,-11.416919618035156,True
500,GRPIIWIAQELVRIADEFHAYN,-11.4161080401721,True
2758,GQWVRELGAQLRRIADDLNTQT,-11.414978580193592,True
3889,GQWTREIAADLRRIADQVNAQV,-11.413241878775835,True
544,GRPIIWFAQELARLADEFVAYT,-11.409629564895091,True
559,GRPMIWIAQELRRVADEFDAYR,-11.409012718013983,True
695,GRPPIWIAQDLRRFGDLFNAYF,-11.408568851166557,True
2068,GQWIREIGACLRRIADVLNAQV,-11.407798899144817,True
1973,GQWTREIAALLRRIADMVNAQV,-11.406253657763846,True
3340,GRPAIWISQGLRRLGDESNAYV,-11.398208672172382,True
865,GRPLIWFAQELARFADEFDEYS,-11.391579785630428,True
2690,GQWVREIGAGLRRIADMFNAQA,-11.391569061998878,True
619,GRPQIWIGQVLRRFGDDYNAYI,-11.390488747520406,True
2620,GQWAYEIAAQLRRMADDTQAQY,-11.388804638276696,True
840,GRPLIWIAQELIRLADEFHTYH,-11.388494606125489,True
381,GRPIIWIAQGLRRIGDEFNAYL,-11.388042640999139,True
2687,GQWVREIGAILRRLADVLNAQF,-11.386644578370063,True
1824,GQRARDIAAQLRRMADDLEAQY,-11.385258555824173,True
2363,GQWLREFGAQLRRYGDDLHKQN,-11.383662417073406,True
2550,GQWAREIGAYLRRLADNYNAQV,-11.38356578105008,True
603,GRPQIWIAQLLRRLGDDFNAYI,-11.383023033016315,True
2806,GQLTREIAAFLRRLADQYNAQV,-11.382562061576348,True
2009,GQWTREISARLRRLADILNAQL,-11.380258018899465,True
822,GRPLIWYAQELARAADEFIAYS,-11.37891855823651,True
3156,GRPEIWIAQILRRCGDDYNAYF,-11.3695829435372,True
528,GRPIIWYAQELRRVADEFHEYS,-11.367904901115239,True
2509,GQWERELGAQLARHGDDLHAQH,-11.366014130381586,True
1168,GRPVIWLAQELRRLADEFVTYS,-11.362994738353514,True
2036,GQWIREIAANLRRFADLFNAQV,-11.360807450594299,True
1934,GQSAFHVAAQLRRMADDLQAQY,-11.35734337132472,True
4679,GQWVREFGAQLRRIGDDLLKQY,-11.35697974404222,True
2001,GQWTREIGAFLRRIADNFNAQI,-11.3555055228002,True
3643,GQRAGDVGAQLRRMADDIHAQY,-11.355043927415625,True
1817,GQTAYEIGAQLRRMADDYNAQY,-11.354754488676539,True
2854,GRREYHVVQELGRIGDEHNAYY,-11.354616969553645,True
2299,GQWLREIGAYLRRAADELNAQT,-11.353528537011073,True
1007,GRPEIWLAQELRRHADEFAKYR,-11.351392788483984,True
1885,GQGAREVGAQLGRMADDFEAQY,-11.351167949352064,True
2317,GQWLREISARLRRLADILNAQL,-11.348156442316434,True
2463,GQWEREIYAILRRLADHFNAQL,-11.347563190099956,True
205,GRREYHVIQELKRIGDENHAYY,-11.346231131493637,True
801,GRPLIWHAQELRRYGDEFDAYN,-11.343186908753362,True
2190,GQWMRELGAQLVRIADDLAKQA,-11.340169076194137,True
1869,GQAACQIGAQLVRMADDFQAQY,-11.33881766260037,True
4064,GQWMREYGAQLRRFADDLLEQY,-11.338464763084414,True
4126,GQWHRELGAQLGRLGDDLNAQY,-11.331712960262468,True
2069,GQWIREIGACLRRAADMFNAQI,-11.329651605778905,True
4012,GQWIRELGAQLRRCGDDLNTQY,-11.329204500158484,True
1382,GRAEFHVGQELRRIGDEFDAYY,-11.328941096844677,True
2151,GQWIRELGAQLRRIADDLVKQP,-11.322529172463257,True
508,GRPIIWLAQELRRCADEFLEYG,-11.321955514954787,True
4629,GQWVREIGAQLRRVADDLLEQT,-11.321681684878822,True
1958,GQWNREVGAQLRRIGDDLNKQA,-11.319145553711131,True
2276,GQWLREIAANLRRAADKINAQV,-11.318991495321548,True
1989,GQWTREIAAFLRRLADQYNAQV,-11.31836147661514,True
2086,GQWIREIYACLRRIADDFNAQL,-11.316817575225421,True
568,GRPMIWLAQELRRLGDEFHAYR,-11.309495323272174,True
4459,GQWAGHVIAQLIRMADDFNAQY,-11.307894513384928,True
2722,GQWVREISAILRRIADMFNAQA,-11.305482435055007,True
1862,GQAAGHVGAQLRRMADDFQAQY,-11.305124069460062,True
4561,GQWVREISAYLRRVADEYNAQS,-11.304761679647742,True
1827,GQRAGQIGAQLARMADDFEAQY,-11.304245092210252,True
1018,GRPEIWYAQELIRYADEFIKYY,-11.30277600823186,True
582,GRPMIWYAQELRRVADEFAKYC,-11.301637970289324,True
2287,GQWLREIAAFLRRSADKFNAQA,-11.301119791016536,True
1183,GRPVIWYAQELTRFADEFAEYY,-11.299788079975801,True
862,GRPLIWFAQELRRYGDEFDTYS,-11.29960566476882,True
3314,GRPEIWVAQELRRHGDEFIKYT,-11.298644433593473,True
2267,GQWPREIGAGLRRVADDFNAQT,-11.296972581134419,True
2656,GQWAFDAIAQLRRMADDFQAQY,-11.29401703569593,True
2805,GQCTREIAAFLRRLADQYNAQV,-11.293006595576339,True
677,GRPQIWIAQELIRIADEFNAYR,-11.292973510971592,True
1900,GQSARDVGAQLRRMADDANAQY,-11.292826832285886,True
799,GRPLIWHAQELRRNADEFLTYR,-11.287154034762512,True
2431,GQWEREIAAHLRRCADMFNAQA,-11.286916981611727,True
2731,GQWVREISAFLRRIADDFNAQI,-11.284019352344654,True
2125,GQWIREICAILRRIADQFNAQL,-11.283723867484136,True
1189,GRPVIWYAQELGRYGDEFNKYH,-11.281129614317368,True
2969,GRPIIWFAQELRRNGDEFHKYA,-11.279875761273987,True
668,GRPHIWFAQELRRIGDEFNEYH,-11.277736917843267,True
1664,GRWEREIAQELIRIGDEIQAYY,-11.27091149066391,True
4547,GQWVREIYAYLRRLADEFNAQI,-11.26741763179987,True
2181,GQWMRELGAQLARIADDLDEQC,-11.266969124071519,True
4658,GQWVREVGAQLRRCGDDLHEQT,-11.26415923691727,True
1990,GQWTREIAAFLRRVADQFNAQF,-11.263858426530987,True
2318,GQWLREISARLRRLADLVNAQI,-11.262912514799325,True
2725,GQWVREISAYLRRIADMFNAQV,-11.26203282664293,True
3701,GQAAHHISAQMKRMADDADAQY,-11.261241087160844,True
4297,GQWLREFGAQLGRIADDLLEQR,-11.256880362790953,True
1928,GQSACDAIAQLIRMADDFQAQY,-11.256805677200138,True
903,GRPEIWISQGLRRLGDMFNAYI,-11.256456152317465,True
2145,GQWIREIGAQLRRIADDLITQT,-11.255890703358505,True
2446,GQWEREIGAGLRRVADEVNAQA,-11.25492523927035,True
1016,GRPEIWYAQELIRIADEFIKYR,-11.246209914629084,True
2077,GQWIREIYAILRRIADEYNAQF,-11.24573346070746,True
2366,GQWLREFGAQLARIADDLDKQS,-11.245475290143752,True
519,GRPIIWVAQELARIGDEFAAYY,-11.24533852973159,True
2352,GQWLRELGAQLARIGDDLITQP,-11.245258202154321,True
2254,GQWQREIGAQLARVGDDLDAQS,-11.243576802017479,True
818,GRPLIWYAQELRRSADEFHAYA,-11.24142498841383,True
2508,GQWERELGAQLIRIADDLVTQA,-11.240808852171527,True
2102,GQWIREISALLRRLADVYNAQL,-11.237207935048781,True
2753,GQWVREIGAQLGRIADDLHAQA,-11.235053524591965,True
1971,GQWTREIAANLRRIADDTNAQT,-11.233900304729502,True
310,GRPKIWFAQELRRVADEFDTYR,-11.233881499748069,True
2953,GRPIIWIAQELRRVADEFTTYA,-11.231970298438203,True
996,GRPEIWIAQELRRYGDEFLEYG,-11.231799646712286,True
2454,GQWEREIGACLRRVADKFNAQV,-11.230974911240118,True
548,GRPIIWFAQELARCGDEFLEYY,-11.225478321053366,True
4476,GQWASHAVAQLVRMADDFNAQY,-11.225403133954122,True
1812,GQTALDIGAQLVRMADDFHAQY,-11.222509338038028,True
2514,GQWEREVGAQLIRIADDLLKQP,-11.220507632739356,True
2644,GQWAFQVSAQLRRMADDLEAQY,-11.21902920032206,True
1158,GRPVIWIAQELGRLGDEFLKYA,-11.21538181411703,True
1926,GQSACDIGAQLARMADDLQAQY,-11.2138588055798,True
2582,GQWALQIGAQLRRMADDVDAQY,-11.212980998874762,True
1019,GRPEIWFAQELRRIADEFTTYG,-11.210989538561964,True
1929,GQSACDAAAQLRRMADDYNAQY,-11.210142702621352,True
1982,GQWTREIAACLRRIADLFNAQL,-11.208252719801033,True
1984,GQWTREIAACLRRLADLVNAQV,-11.207114331079733,True
2113,GQWIREISAFLRRIADVFNAQF,-11.204896437539993,True
798,GRPLIWIAQELGRFGDEFAKYG,-11.203936585700461,True
4079,GQWMREFGAQLRRFGDDLVAQA,-11.202236072132369,True
2726,GQWVREISAYLRRIADIINAQY,-11.201887415641712,True
4294,GQWLREFGAQLARIADDLITQP,-11.199281631979213,True
4028,GQWIREFGAQLRRIGDDLAAQC,-11.199196149524193,True
538,GRPIIWFAQELRRSGDEFHEYR,-11.199084639408884,True
1818,GQTACHIAAQLRRMADDYNAQY,-11.197537811159219,True
4645,GQWVRELGAQLIRIADDLLAQP,-11.195450719470283,True
2053,GQWIREIAACLRRIADLFNAQP,-11.191104606465316,True
3529,GRWECHISQELKRIGDEFNAYY,-11.190497550903986,True
1981,GQWTREIAACLRRIADLFNAQP,-11.189537538915872,True
1021,GRPEIWFAQELIRFGDEFDKYG,-11.18937439517939,True
2697,GQWVREIGAFLRRFADMFNAQI,-11.189297147540092,True
3425,GRPVIWVAQELVRAADEFDEYR,-11.189128615299882,True
4277,GQWLRELGAQLRRLGDDLAAQG,-11.187803791467076,True
2264,GQWPREIAAFLRRLADLFNAQV,-11.186802383335971,True
654,GRPHIWLAQELRRYADEFLAYN,-11.184900562155999,True
2075,GQWIREIYANLRRLADEYNAQV,-11.184437651829413,True
4078,GQWMREFGAQLRRFGDDLHTQR,-11.183721121380579,True
858,GRPLIWVAQELARFGDEFDEYN,-11.181739365019638,True
2560,GQWAREISANLRRIADEVNAQT,-11.179379193033943,True
2263,GQWPREIAACLRRVADQFNAQA,-11.179333550094302,True
2144,GQWIREIGAQLRRTADDLDKQY,-11.177226616470715,True
295,GRPNIWFAQELRRIGDEFAAYY,-11.17431057522468,True
1957,GQWNREVGAQLRRIADDLVAQY,-11.172716065122989,True
699,GRPPIWIAQVLRRIGDQYNAYL,-11.17084365908725,True
2435,GQWEREIAACLRRIADLFNAQP,-11.169399254007336,True
2410,GQWLREYGAQLARFGDDLHTQY,-11.168885638867357,True
1975,GQWTREIAAGLRRIADHFNAQI,-11.168685160370936,True
808,GRPLIWLAQELVRAADEFLAYG,-11.166640687661404,True
2804,GQWLREIGAFLRRLADNINAQV,-11.165199448462008,True
2554,GQWAREIGAFLRRIADKFNAQA,-11.164141199837749,True
545,GRPIIWFAQELARLGDEFVEYA,-11.162679902495224,True
3157,GRPEIWIAQHLRRFGDQYNAYL,-11.162501055597623,True
4428,GQWAREISALLRRIADQVNAQV,-11.160791615601422,True
2322,GQWLREISACLRRIADQYNAQL,-11.160726635413347,True
831,GRPLIWFAQELGRIADEFLAYG,-11.160571253263964,True
2430,GQWEREIAAHLRRTADELNAQV,-11.160346547747992,True
2319,GQWLREISALLRRFADVFNAQI,-11.15923675661663,True
2971,GRPIIWFAQELGRLGDEFLTYR,-11.156009908140517,True
2072,GQWIREIGAFLRRLADMLNAQY,-11.154169348997225,True
1175,GRPVIWLAQELARFGDEFNAYG,-11.153563330296084,True
2222,GQWQREIAAFLRRLADDFNAQP,-11.145403086493957,True
2396,GQWLRELGAQLGRIADDLTKQH,-11.143790555603214,True
2680,GQWVREIAAFLRRCADLINAQL,-11.14359195354984,True
1983,GQWTREIAACLRRIADLFNAQF,-11.142294438613806,True
2353,GQWLRELGAQLARLADDLHTQY,-11.14221475261959,True
2601,GQWAADIVAQLRRMADDFHAQY,-11.141534141460884,True
2395,GQWLRELGAQLGRIADDLTKQH,-11.14139966270971,True
2394,GQWLRELGAQLGRIADDLTKQH,-11.139214979379165,True
2409,GQWLREYGAQLARYADDLNAQA,-11.139093443242562,True
2111,GQWIREISACLRRIADDYNAQF,-11.138774159814226,True
1194,GRPVIWFAQELIRIGDEFAAYA,-11.137897284109243,True
2323,GQWLREISAFLRRIADNLNAQF,-11.137874732782421,True
4185,GQWLREIGAGLRRAADMLNAQL,-11.137511241177378,True
2393,GQWLRELGAQLGRIADDLTKQH,-11.13682408648566,True
2853,GRREYHIVQELTRIGDELQAYY,-11.135032006641971,True
2498,GQWDREVGAQLRRIGDDLNAQG,-11.134973050586389,True
2505,GQWEREIGAQLARLGDDLIAQY,-11.132779684767497,True
2164,GQWIREFGAQLRRLADDLHEQH,-11.131010566197258,True
4306,GQWEREIAANLRRVADKANAQV,-11.128930034655923,True
1674,GRWELHIVQELKRIGDELEAYY,-11.128106395284489,True
2218,GQWQREIAAHLRRCADELNAQV,-11.12637162974279,True
2056,GQWIREIAAFLRRIADVVNAQV,-11.126352463664691,True
1156,GRPVIWIAQELARLGDEFLTYT,-11.126214803839492,True
2553,GQWAREIGACLRRFADLINAQF,-11.124766091572154,True
2923,GRPIIWIGQILRRFGDVFNAYI,-11.122578723289168,True
2392,GQWLRELGAQLGRIADDLTKQN,-11.11874133410398,True
827,GRPLIWFAQELRRFGDEFHTYT,-11.115824136336585,True
2269,GQWPREIGAFLRRIADKYNAQI,-11.115043164507648,True
3096,GRPLIWIAQELARYGDEFATYS,-11.114285153360862,True
415,GRPIIWIGQCLRRFGDNYNAYL,-11.111732854345954,True
1211,GRPVIWIAQELGRLADEFAKYS,-11.109880576700032,True
2900,GRPTIWIGQYLRRFGDDFNAYF,-11.107474790697868,True
206,GRREYHVIQELRRIGDEYKAYY,-11.10543449781484,True
552,GRPIIWFAQELVRCADEFDEYS,-11.103695275823007,True
2320,GQWLREISAGLRRVADEYNAQS,-11.103103538273015,True
1032,GRPAIWIGQSLRRFGDKFNAYF,-11.095761858086338,True
2975,GRPIVWIAQELARYGDEFLKYT,-11.093067025486002,True
890,GRPEIWIGQYLRRLGDVFNAYI,-11.086756225999736,True
1889,GQGASEIGAQLKRMADDFQAQY,-11.085223903522799,True
3317,GRPEIWYAQELRRIGDEFNTYY,-11.085098550334502,True
2094,GQWIREISANLRRIADNFNAQI,-11.082839612332902,True
3417,GRPVIWIAQELARFGDEFDTYA,-11.081978464731462,True
1860,GQAAAHVGAQLRRMADDVQAQY,-11.081938855038732,True
1236,GRPVIWYAQELVRCADEFATYA,-11.081628886424987,True
2250,GQWHREFGAQLARIADDLNEQS,-11.079574612697655,True
2367,GQWLREFGAQLARVGDDLNTQH,-11.077765990400707,True
2766,GQWVREVGAQLARIADDLNAQS,-11.07515839953581,True
2058,GQWIREIGAILRRLADVLNAQF,-11.066730239571152,True
2210,GQWMREFGAQLARIGDDLVKQS,-11.065272880748555,True
864,GRPLIWFAQELARCGDEFHKYA,-11.057282388513576,True
2675,GQWVREIAAYLRRLADVLNAQF,-11.055548257191273,True
2736,GQWVREICASLRRAADLFNAQL,-11.05421476828799,True
866,GRPLIWFAQELGRIADEFIEYR,-11.051373445104492,True
673,GRPHIWFAQELARFADEFDAYG,-11.051337222009728,True
4427,GQWAREISAILRRIADNFNAQA,-11.048869682973118,True
2685,GQWVREIGAILRRLADVLNAQV,-11.047042512200024,True
661,GRPHIWVAQELARAGDEFAKYS,-11.045642411852805,True
3309,GRPEIWIAQELARSGDEFDEYA,-11.042089954772756,True
3112,GRPLIWFAQELGRVADEFVAYR,-11.038850823280203,True
641,GRPHIWIAQELRRSGDEFNAYH,-11.036703780681709,True
2458,GQWEREIGAFLRRLADVVNAQA,-11.035014409658343,True
3071,GRPLIWIGQILRRLGDDTNAYF,-11.032276788655405,True
2693,GQWVREIGAYLRRLADQVNAQA,-11.029648133658807,True
2049,GQWIREIAAVLRRFADDLNAQA,-11.027788050037255,True
703,GRPPIWIGQVLRRIGDNFNAYI,-11.024165787536168,True
1015,GRPEIWYAQELRRSADEFAEYR,-11.02336332705972,True
3069,GRPLIWIGQSLRRLGDMINAYI,-11.023346881808157,True
510,GRPIIWLAQELIRLADEFNTYT,-11.021996554923756,True
4396,GQWAREIAAILRRVADDVNAQV,-11.017436425616618,True
804,GRPLIWLAQELRRLADEFPAYY,-11.016356097327002,True
4085,GQWMREFGAQLARVGDDLLTQR,-11.011504454539502,True
2012,GQWTREISAVLRRIADMFNAQL,-11.009515807534877,True
2291,GQWLREIGARLRRIADLSNAQA,-11.009176080966263,True
675,GRPHIWFAQELVRLADEFAAYA,-11.007393169847255,True
2180,GQWMRELGAQLRRIADDLNTQT,-11.00667472786281,True
1864,GQAAVEIGAQLRRMADDHHAQY,-11.005685468402099,True
2589,GQWALDVGAQLVRMADDFDAQY,-11.005347947757013,True
1866,GQAAYHIGAQLRRMADDFQAQY,-11.004125462029972,True
3461,GRAESEIGQELKRIGDEFNAYY,-11.002918092034497,True
1976,GQWTREIAAGLRRIADDINAQS,-11.00218373432531,True
2613,GQWAVEVGAQLGRMADDYHAQY,-10.99341680140724,True
1814,GQTAVDVAAQLIRMADDFKAQY,-10.99301195638607,True
2204,GQWMREFGAQLRRLADDLVTQR,-10.992805393336823,True
860,GRPLIWVAQELVRFGDEFHAYY,-10.990169214508523,True
527,GRPIIWYAQELRRVADEFITYN,-10.988605799996861,True
3424,GRPVIWVAQELTRIADEFLKYS,-10.987436534449463,True
2095,GQWIREISANLRRIADEVNAQT,-10.98724673060459,True
3490,GRSELEIGQELKRIGDEYDAYY,-10.984220777576091,True
2677,GQWVREIAACLRRIADVINAQF,-10.982009059444605,True
4376,GQWERELGAQLRRFADDLITQH,-10.980439860132485,True
868,GRPLIWFAQELVRSADEFAAYA,-10.979195698235529,True
2286,GQWLREIAACLRRAADDYNAQS,-10.977290068508443,True
1762,GRWEFHVSQELIRIGDEIEAYY,-10.975407849580009,True
2391,GQWLRELGAQLARFADDLAAQY,-10.975341756855098,True
2963,GRPIIWLAQELRRSGDEFLKYS,-10.972949262918126,True
4324,GQWEREISAGLRRIADVYNAQI,-10.96920594122798,True
4375,GQWERELGAQLRRCGDDLLTQG,-10.965507239057072,True
2413,GQWLREFGAQLRRYGDDLAAQS,-10.965273961598262,True
4539,GQWVREIYASLRRIADQFNAQT,-10.961595609745984,True
2385,GQWLRELGAQLRRIADDLNTQT,-10.961423354810258,True
1888,GQGAYDVVAQLIRMADDFNAQY,-10.961382424588304,True
1193,GRPVIWFAQELIRIADEFATYG,-10.961364258932779,True
3687,GQAACETGAQLGRIADDVHAQY,-10.959271146716551,True
1012,GRPEIWLAQELVRLADEFLKYA,-10.956748561789587,True
817,GRPLIWVAQELVRLGDEFIEYR,-10.95566623346784,True
1170,GRPVIWLAQELRRCADEFHKYG,-10.955563804346408,True
2418,GQWLREFGAQLARIGDDLVAQY,-10.953603520573022,True
569,GRPMIWLAQELRRSGDEFNAYR,-10.949096350013392,True
286,GRPNIWLAQELRRYGDEFLAYY,-10.948949917625626,True
1167,GRPVIWLAQELRRIGDEFDKYS,-10.947045728550012,True
1165,GRPVIWLAQELTRLADEFDKYG,-10.946280913969677,True
1986,GQWTREIAACLRRVADLINAQA,-10.942966016336147,True
3110,GRPLIWFAQELIRHGDEFNKYN,-10.941954534909529,True
494,GRPIIWIAQELIRAGDEFLAYA,-10.941565301261878,True
3132,GRPEIWNAQWLLRIADEFNAYY,-10.940643991176684,True
3111,GRPLIWFAQELIRFADEFVKYS,-10.939721247949441,True
3168,GRPEIWIGQYLRRVGDLLNAYF,-10.939195767852638,True
550,GRPIIWFAQELVRHADEFNAYT,-10.938895027509899,True
806,GRPLIWLAQELGRYADEFAEYG,-10.938893805724636,True
2769,GQWVREVGAQLARIGDDLHAQS,-10.938867942463613,True
3971,GQWIREIYAYLRRTADEFNAQV,-10.937662136274069,True
4083,GQWMREFGAQLARIGDDLVKQP,-10.937161561214829,True
1198,GRPVIWFAQELGRIADEFNKYS,-10.934528773227274,True
2211,GQWMREFGAQLARLGDDLAEQT,-10.933487576667838,True
597,GRPMIWFAQELVRFADEFVTYY,-10.933442773947236,True
4238,GQWLRELGAQLRRSGDDLNEQR,-10.932782045497275,True
3364,GRPVIWIGQYLRHAGDELNAYI,-10.931851176520412,True
534,GRPIIWFAQELRRIGDEFTKYY,-10.931585469114193,True
1739,GRWECQIGQELKRIGDEFHAYY,-10.928102806579657,True
1222,GRPVIWLAQELGRIADEFAKYS,-10.927181945201616,True
1806,DQWLRELGAQLGRIADDLTKQH,-10.923663886102304,True
3055,GRPPIWIGQLLRRVGDDYNAYF,-10.922282567614007,True
2686,GQWVREIGAILRRLADVLNAQY,-10.921467161670222,True
2477,GQWEREISAHLRRIADVYNAQA,-10.917232954313747,True
2519,GQWEREFGAQLARVGDDLLAQT,-10.916925847653292,True
1364,GRAECHVAQELKRIGDEYDAYY,-10.913626628098164,True
2799,GQWVREFGAQLARIGDDLLEQY,-10.912884754115325,True
882,GRPEIWIAQFLRRCGDLYNAYI,-10.912033337276684,True
3726,GQGAVEAGAQLKRMADDFHAQY,-10.911828299306137,True
3814,GQWKREIAAFLRRVADQLNAQI,-10.91177994790784,True
2977,GRPMIWIAQELIRCADEFAAYY,-10.910603328403717,True
3254,GRPEIWFAQYFSRLADEFNAYY,-10.91054126850993,True
2107,GQWIREISAYLRRLADDLNAQF,-10.910504027457128,True
2359,GQWLREVGAQLGRIADDLVAQA,-10.910214565194039,True
2775,GQWVREFGAQLIRIADDLNTQR,-10.90936662797106,True
655,GRPHIWLAQELRRYGDEFVAYA,-10.90643568507362,True
4683,GQWVREFGAQLARIGDDLDKQP,-10.906005419368999,True
1233,GRPVIWYAQELRRYGDEFVAYN,-10.904548204289934,True
997,GRPEIWIAQELIRVADEFLKYG,-10.902611251206887,True
4002,GQWIREIGAQLARIGDDLIAQS,-10.902281484812672,True
4053,GQWMRELGAQLGRIADDLITQS,-10.901370321569932,True
2878,GRPNIWFAQELIRYADEFNAYS,-10.896140604139841,True
2245,GQWHREIGAQLARVADDLHEQC,-10.895331169328871,True
3108,GRPLIWFAQELIRNGDEFNKYS,-10.89220757873261,True
1229,GRPVIWVAQELARIGDEFDAYY,-10.887643847049402,True
3005,GRPQIWIGQILRRFGDHFNAYV,-10.880848624718256,True
3856,GQWNREFGAQLRRIGDDLLAQR,-10.873801134035029,True
2381,GQWLREIGAQLGRIADDLLEQH,-10.87330914373042,True
4063,GQWMREYGAQLRRVGDDLTKQR,-10.872600876381952,True
489,GRPIIWIAQELRRAGDEFAAYP,-10.871586053198675,True
2358,GQWLREVGAQLARFGDDLLAQT,-10.871018900113324,True
644,GRPHIWIAQELIRIGDEFDAYH,-10.868597688165078,True
3130,GRPLIWFAQELGRFADEFIAYD,-10.86829336393378,True
3160,GRPEIWIAQDLRRFGDLYNAYF,-10.867100630782943,True
2365,GQWLREFGAQLIRIADDLAEQT,-10.861516200618258,True
2976,GRPMIWIAQELIRAADEFAKYR,-10.85772167042349,True
2109,GQWIREISACLRRIADLYNAQV,-10.854397718350711,True
2336,GQWLREICAVLRRAADLFNAQI,-10.853053523371491,True
2186,GQWMRELGAQLARFGDDLDKQS,-10.848200317647855,True
1868,GQAAYDVIAQLRRMADDFEAQY,-10.848033141260107,True
553,GRPIVWIAQELARYGDEFLKYP,-10.846811973102035,True
2437,GQWEREIGANLRRVADHTNAQI,-10.846438832730506,True
1963,GQWNREFGAQLRRAADDLAEQY,-10.84519542782872,True
1681,GRWEDHVAQELKRIGDEVNAYY,-10.8439800016587,True
837,GRPLIWIAQELTRFGDEFAAYY,-10.843280685588024,True
3171,GRPEIWIGQFLRRLGDEHNAYA,-10.842339070466016,True
662,GRPHIWVAQELARVADEFLKYY,-10.83779157092724,True
2619,GQWAYHVAAQLTRMADDFNAQY,-10.837481797097539,True
4523,GQWVREIGALLRRIADNINAQA,-10.837422882071683,True
1228,GRPVIWVAQELIRFADEFAKYS,-10.835310417468948,True
292,GRPNIWYAQELTRLADEFNKYR,-10.83233346992603,True
613,GRPQIWIGQDLRRLGDLYNAYT,-10.831971854056725,True
1238,GRPVIWFAQELRRVGDEFAAYG,-10.831520906856758,True
2417,GQWLREFGAQLARIGDDLVKQS,-10.829880296670243,True
2401,GQWLRELGAQLVRIADDLAKQA,-10.829743473306431,True
3334,GRPAIWIGQDLRRLGDVLNAYF,-10.829571644235036,True
3118,GRPLIWIAQELIRLADEFHTYS,-10.827097145651912,True
647,GRPHIWIAQELARIADEFLEYC,-10.82397694558533,True
3658,GQAAPQIAAQLRRMADDIQAQY,-10.822736565299211,True
203,GRREYHAVQELRRIGDEFEAYY,-10.821340137742794,True
659,GRPHIWVAQELIRVADEFIAYH,-10.820555545504831,True
2818,GRTEDQVAQELKRIGDEFNAYY,-10.820456946563272,True
2379,GQWLREIGAQLARLADDLIKQY,-10.817013053328655,True
521,GRPIIWVAQELGRFADEFIKYY,-10.814857674847087,True
3419,GRPVIWIAQELVRLGDEFTKYA,-10.813485460607493,True
4593,GQWVREHGAQLRRIADDLHAQA,-10.811787867417186,True
4248,GQWLREVGAQLRRAGDDLAKQA,-10.810903458860905,True
2372,GQWLHELGAQLGRIADDLTKQH,-10.810722164704998,True
2639,GQWACDVSAQLKRMADDLQAQY,-10.804162850340308,True
2801,GQWVREFGAQLGRYGDDLNAQY,-10.802600558915106,True
4446,GQWARDISAQLIRMADDFNAQY,-10.800340617488121,True
4253,GQWLREYGAQLARFADDLVTQY,-10.798933595657425,True
2600,GQWAADISAQLRRMADDFEAQY,-10.798928878930347,True
3375,GRPVIWISQILRRIGDHYNAYL,-10.798901683546145,True
4223,GQWLREIGAQLRRTADDLDKQS,-10.79510902338798,True
1086,GRPVIWIGQSLRRIGDEYNAYV,-10.794134372697563,True
2170,GQWIREFGAQLARVADDLIAQY,-10.79246889403554,True
4322,GQWEREISAILRRVADLYNAQF,-10.791873348362827,True
2298,GQWLREIGAYLRRLADEANAQV,-10.791457378514078,True
3101,GRPLIWVAQELIRYADEFHTYH,-10.79131637878341,True
1955,GQWNRELGAQLARIADDLLKQC,-10.790638208811737,True
2265,GQWPREIGANLRRVADKLNAQF,-10.788373263598306,True
4224,GQWLREIGAQLRRYGDDLLAQH,-10.787230968990713,True
1614,GRSECDIGQELARIGDEFNAYY,-10.778531229749039,True
4257,GQWLREFGAQLIRIADDLNKQP,-10.775945828772516,True
2386,GQWLRELGAQLRRIGDDLTKQN,-10.775611821799574,True
3941,GQWIREIAAILRRTADNFNAQF,-10.774943316698,True
260,GRPKIWIGQDLRRFGDMFNAYL,-10.774869392691823,True
617,GRPQIWIGQGLRRFGDLFNAYI,-10.773112726020756,True
2414,GQWLREFGAQLIRIGDDLNAQH,-10.772211567480102,True
1160,GRPVIWIAQELVRYADEFDKYA,-10.77180993047692,True
1915,GQSAYEAGAQLRRMADDLHAQY,-10.771727510742114,True
2400,GQWLRELGAQLGRIVDDLTKQH,-10.770980837338078,True
2763,GQWVRELGAQLARFGDDLLAQA,-10.76908618999494,True
1181,GRPVIWVAQELGRFGDEFNAYH,-10.768716005297913,True
2225,GQWQREIGAILRRCADEYNAQI,-10.76868134864777,True
875,GRPEIWIAQLLRRCGDIFNAYF,-10.767873855905542,True
2556,GQWAREIYAGLRRLADEYNAQF,-10.766010861995998,True
990,GRPDIWFAQELARFGDEFTKYA,-10.764713591408846,True
1163,GRPVIWHAQELARLADEFATYY,-10.762994917155087,True
828,GRPLIWFAQELARIADEFVTYP,-10.762575147584112,True
2850,GRREVHVGQELKRIGDEIDAYY,-10.761681939100734,True
813,GRPLIWVAQELIRFADEFIEYR,-10.761619367862913,True
585,GRPMIWYAQELGRFADEFAAYT,-10.761546722326152,True
1669,GRWERDIVQELKRIGDEIHAYY,-10.760946101536952,True
204,GRREYHAVQELRRIGDEFEAYY,-10.75803605863437,True
4042,GQWMREIGAQLARAGDDLVKQS,-10.756927855081878,True
4643,GQWVRELGAQLRRIGDDLITQC,-10.756804723267688,True
2229,GQWQREIGACLRRVADVINAQI,-10.755079008944346,True
3291,GRPDIWIAQELRRFADEFVKYG,-10.754995847327043,True
2119,GQWIREICASLRRLADLYNAQI,-10.75385646107834,True
1169,GRPVIWLAQELRRYGDEFDAYT,-10.751777461965187,True
1157,GRPVIWIAQELARAADEFIKYG,-10.751121476359714,True
2733,GQWVREISAFLRRVADEVNAQF,-10.750351730669824,True
652,GRPHIWLAQELRRIGDEFAKYD,-10.74990998371037,True
3639,GQRADEIVAQLIRMADDFHAQY,-10.747112342022717,True
2536,GQWAREIAAGLRRTADDINAQI,-10.745316866649876,True
1241,GRPVIWFAQELVRIGDEFDKYA,-10.74482994629723,True
2253,GQWQREIGAQLARLGDDLVAQS,-10.744812497445338,True
2876,GRPNIWYAQELIRLGDEFNAYY,-10.743616003133251,True
4588,GQWVREIGAQLGRIGDDLHKQN,-10.741609427352543,True
3114,GRPLIWIAQELRRSGDEFAKYC,-10.741544059551062,True
2398,GQWLRELGAQLGRIADDLTKQY,-10.736796884442477,True
3455,GRREFHVIQELVRIGDETHAYY,-10.736466398569226,True
2260,GQWQREFGAQLRRVGDDLIAQY,-10.73333077339345,True
1010,GRPEIWLAQELIRFADEFVKYC,-10.73292443162668,True
1821,GQTAFQVIAQLRRMADDLNAQY,-10.73221160471386,True
1011,GRPEIWLAQELARFGDEFDTYD,-10.727061329827205,True
2046,GQWIREIAADLRRAADEHNAQV,-10.724963175562864,True
938,GRPEYHAGQELRRIGDEFDAYY,-10.722931695309505,True
739,GRPLIWIGQVLRRVGDLYNAYI,-10.722758491022402,True
594,GRPMIWFAQELGRIGDEFAKYG,-10.718711160801181,True
2198,GQWMREVGAQLARIADDLIEQC,-10.718243940044488,True
1616,GRSECDIGQELARIGDEFNAYY,-10.718176093248088,True
535,GRPIIWFAQELRRHGDEFDEYP,-10.717349011705512,True
407,GRPIIWIGQVLRRFGDQYNAYA,-10.71506630728111,True
2399,GQWLRELGAQLGRIADDLTKQS,-10.710898299219258,True
4167,GQWPREISAYLRRLADMFNAQV,-10.709789941874943,True
1615,GRSECDIGQELARIGDEFNAYY,-10.709444745135077,True
3313,GRPEIWVAQELTRFADEFLKYS,-10.70908438799294,True
1921,GQSACHIIAQLARMADDFNAQY,-10.708572926318674,True
1213,GRPVIWHAQELVRAADEFNEYN,-10.706347917297176,True
2187,GQWMRELGAQLGRIADDLTKQH,-10.70597562148433,True
2212,GQWMREFGAQLARYGDDLAKQG,-10.703974120806933,True
2692,GQWVREIGAYLRRIADLVNAQI,-10.703953239351936,True
3917,GQWTREISADLRRIADLFNAQS,-10.703385670930805,True
1215,GRPVIWLAQELRRIADEFLTYD,-10.699955011629005,True
3705,GQGARQVGAQLGRMADDLHAQY,-10.698253302847645,True
1613,GRSECDIGQELTRIGDEFNAYY,-10.697702771542064,True
1939,GQWKREIYALLRRLADMFNAQI,-10.695982302777901,True
2497,GQWDRELGAQLARLGDDLNEQH,-10.695468034698823,True
3526,GRWECQTGQELKRIGDEIDAYY,-10.692147584772387,True
3223,GRPEIWLAQILSRIADGFNAYY,-10.691535297110333,True
2120,GQWIREICASLRRLADLYNAQL,-10.691471237094529,True
2653,GQWAFDIAAQLKRMADDVQAQY,-10.691457604618591,True
2987,GRPMIWVAQELRRYGDEFVKYY,-10.691152441931564,True
830,GRPLIWFAQELARFADEFVEYD,-10.691061020516244,True
1722,GRWEYEIVQELIRIGDEIDAYY,-10.69031950789082,True
2100,GQWIREISAHLRRVADVINAQL,-10.689950062949766,True
2243,GQWHREIGAQLRRLADDLTAQA,-10.689774588552496,True
4155,GQWPREIAAGLRRCADDLNAQV,-10.689196826001648,True
592,GRPMIWFAQELARCGDEFDTYY,-10.686684008016432,True
643,GRPHIWIAQELIRIADEFHTYC,-10.686564191295961,True
2965,GRPIIWLAQELARYGDEFHTYN,-10.684030229435246,True
810,GRPLIWVAQELRRSGDEFDKYA,-10.683570652810477,True
1191,GRPVIWFAQELRRSGDEFNEYC,-10.683521045927506,True
2720,GQWVREISASLRRIADMLNAQP,-10.683262103263862,True
2397,GQWLRELGAQLGRIADDLTKQR,-10.6828744423994,True
646,GRPHIWIAQELIRCADEFATYY,-10.682720590755807,True
2223,GQWQREIAAFLRRCADDFNAQL,-10.681590146569636,True
679,GRPQIWIAQELVRFADEFIEYY,-10.68054358272468,True
547,GRPIIWFAQELARVGDEFLAYS,-10.679826395286494,True
4308,GQWEREIAAGLRRCADEINAQS,-10.677102889273314,True
4514,GQWVREIAAHLRRAADIINAQV,-10.676429031953678,True
2121,GQWIREICASLRRLADLYNAQY,-10.67547323723608,True
595,GRPMIWFAQELVRVADEFTEYH,-10.674936490419311,True
3788,GQSACHVGAQLIRMADDFHAQY,-10.674726135669717,True
2952,GRPIIWIAQELRRIGDEFTTYS,-10.674225421962099,True
3527,GRWECQTGQELRRIGDELQAYY,-10.674001379555909,True
2404,GQWLREVGAQLIRIADDLLEQR,-10.673681548591151,True
543,GRPIIWFAQELARIGDEFVKYD,-10.672271534106017,True
537,GRPIIWFAQELRRSADEFDKYT,-10.67227138357844,True
2321,GQWLREISAYLRRLADVYNAQA,-10.672242031718266,True
736,GRPLIWIGQILRRVGDDFNAYS,-10.671524345926485,True
887,GRPEIWIGQGLRRVGDEFNAYT,-10.66964486859202,True
2219,GQWQREIAARLRRTADKINAQA,-10.669016935307948,True
2152,GQWIRELGAQLIRIADDLNAQP,-10.668794177607086,True
4225,GQWLREIGAQLRRFGDDLITQN,-10.666891785216453,True
3002,GRPQIWIAQYLRRFGDMFNAYL,-10.66611375894432,True
660,GRPHIWVAQELARIGDEFATYG,-10.664465127102433,True
3912,GQWTREIYAFLRRFADEFNAQI,-10.662833908111327,True
2368,GQWLREFGAQLGRIADDLDKQS,-10.661492932861776,True
1159,GRPVIWIAQELGRFADEFATYA,-10.660499958021413,True
2402,GQWLRELCAQLGRIADDLTKQH,-10.660357553672386,True
3957,GQWIREIGARLRRCADMINAQL,-10.65968143900567,True
2641,GQWAFQIIAQLRRMADDINAQY,-10.658639804386851,True
1210,GRPVIWIAQELGRLADEFLAYP,-10.657695724704046,True
1153,GRPVIWIAQELRRSGDEFAKYY,-10.65698537027086,True
3123,GRPLIWLAQELARTADEFLAYH,-10.654736695604507,True
1858,GQAADEIGAQLKRMADDLQAQY,-10.651084146596482,True
1237,GRPVIWFAQELRRIGDEFLKYH,-10.650008269958853,True
3073,GRPLIWIGQLLRRFGDVFNAYV,-10.648204597981572,True
2108,GQWIREISAYLRRCADMFNAQV,-10.64729935742538,True
4573,GQWVREICAVLRRAADEVNAQA,-10.64654351327765,True
991,GRPDIWFAQELVRAADEFAEYA,-10.646350301894746,True
2139,GQWIREICAFLRRGADLLNAQI,-10.645411073092728,True
2390,GQWLRELGAQLARHGDDLAAQA,-10.645200270008091,True
1209,GRPVIWIAQELARAADEFIKYS,-10.645161235166555,True
1997,GQWTREIGAGLRRLADVLNAQA,-10.644346139047817,True
3414,GRPVIWFAQELVRYGDEFLEYH,-10.643714074012422,True
1857,GQAALEVIAQLRRMADDFKAQY,-10.641588332594678,True
4089,GQWMREFGAQLGRYGDDLVEQR,-10.641293728288488,True
1185,GRPVIWYAQELRRVGDEFAKYD,-10.636636828490092,True
226,GRRECHVVQELIRIGDEINAYY,-10.635406770805343,True
2586,GQWALHVAAQLIRMADDVNAQY,-10.633760541586843,True
4084,GQWMREFGAQLARLGDDLDEQC,-10.632870924365497,True
2188,GQWMRELGAQLGRIGDDLNTQC,-10.632385873679894,True
2388,GQWLRELGAQLIRIGDDLVKQY,-10.630603262417566,True
3610,GQPAVQIVAQLIRMADDFNAQY,-10.62587095182464,True
571,GRPMIWLAQELARAGDEFVTYA,-10.624219917400602,True
4391,GQWEREFGAQLGRFADDLNKQH,-10.623884355137251,True
375,GRPIIWIAQILRRLGDKFNAYT,-10.622343784305103,True
227,GRRECHVVQELIRIGDEINAYY,-10.61979874760641,True
522,GRPIIWVAQELVRIADEFIAYH,-10.618897431931174,True
4269,GQWLREIGAQLARSGDDLLAQA,-10.618835282152103,True
3596,GQPAHDIVAQLIRMADDFQAQY,-10.617627639224297,True
2284,GQWLREIAAYLRRVADVLNAQS,-10.61569540630041,True
4589,GQWVREIGAQLGRLGDDLVKQY,-10.613585672916251,True
2378,GQWLREIGAQLARIADDLIEQS,-10.612297325647553,True
551,GRPIIWFAQELVRCADEFTAYN,-10.610972282470495,True
2994,GRPMIWFAQELVRVGDEFDEYY,-10.609422897695104,True
1216,GRPVIWLAQELRRHGDEFAKYH,-10.609091159368964,True
4164,GQWPREISAILRRVADEFNAQV,-10.60377654270491,True
4401,GQWAREIGANLRRSADVFNAQF,-10.60055210195155,True
3102,GRPLIWVAQELVRHADEFLTYY,-10.599389379839156,True
1880,GQAAFEAVAQLRRMADDYNAQY,-10.597755236297235,True
2382,GQWLREIGAQLGRLGDDLIAQA,-10.5970679098061,True
1863,GQAAGDVAAQLIRMADDYNAQY,-10.59487603164207,True
1672,GRWELQIVQELRRIGDEVDAYY,-10.59477256590181,True
4400,GQWAREIAAFLRRTADEVNAQF,-10.594450648316755,True
4086,GQWMREFGAQLARFADDLLEQT,-10.59341336093281,True
3119,GRPLIWIAQELARVADEFTAYG,-10.592680851949877,True
3024,GRPHIWIAQELRRYGDEFIKYC,-10.590610822244184,True
3584,GQRAVDAVAQLIRMADDFDAQY,-10.590549117319537,True
298,GRPNIWFAQELGRLGDEFNEYY,-10.590370508205941,True
3433,GRPVIWYAQELRRIADEFPAYH,-10.58960343220858,True
1286,GRREYHVTQELRRIGDELNAYY,-10.584907489553547,True
1208,GRPVIWIAQELARLADEFITYS,-10.581977619068827,True
2097,GQWIREISAILRRLADLYNAQA,-10.57938460801293,True
2569,GQWAREICAVLRRFADEFNAQL,-10.578010102485194,True
2459,GQWEREIGAFLRRFADIINAQV,-10.577032086223479,True
1090,GRPVIWIGQVLRRRGDEFNAYI,-10.576079748492097,True
523,GRPIIWVAQELVRVGDEFAAYR,-10.575852710891459,True
2879,GRPNIWFAQELARIGDEFVEYF,-10.568098172995207,True
3015,GRPQIWIGESLRRFGDDLNAYI,-10.568087467943748,True
2189,GQWMRELGAQLGRIGDDLLTQS,-10.565975797772197,True
1230,GRPVIWVAQELARLGDEFIAYD,-10.564916857376161,True
3333,GRPAIWIGQILRRFGDVLNAYI,-10.562786444202596,True
1909,GQSAAQIGAQLVRMADDYQAQY,-10.562135647938216,True
291,GRPNIWVAQELARFGDEFVAYR,-10.561919384955111,True
4466,GQWAVEIAAQLGRMADDYHAQY,-10.561898921908087,True
3965,GQWIREIYADLRRIADDYNAQA,-10.560061547960572,True
3121,GRPLIWHAQELGRYADEFAEYN,-10.560046057330196,True
2110,GQWIREISACLRRIADDYNAQY,-10.558477143877756,True
4175,GQWLREIAAGLRRGADEVNAQA,-10.556203712541627,True
2888,GRPKIWLAQELVRYADEFAKYY,-10.556022469468916,True
2940,GRPIIWISQLLRRIGDIFNAYL,-10.554448746430044,True
3159,GRPEIWIAQDLRRLGDNYNAYA,-10.553928715780572,True
2296,GQWLREIGAGLRRVADMVNAQL,-10.55326678217516,True
2347,GQWLREIGAQLARVADDLIEQS,-10.551488962338786,True
2538,GQWAREIAAVLRRLADDVNAQI,-10.549375235947087,True
1020,GRPEIWFAQELRRIGDEFHEYS,-10.549334975863843,True
2866,GRPKIWICQHLRRTGDEDNAYV,-10.54848508667874,True
1699,GRWEGQIAQELKRIGDEVQAYY,-10.548047813791369,True
1910,GQSAAHIVAQLARMADDFQAQY,-10.547580967686088,True
4044,GQWMREIGAQLGRIADDLITQS,-10.547320573273572,True
4409,GQWAREIGACLRRSADVFNAQT,-10.546219944812822,True
493,GRPIIWIAQELIRIGDEFTKYT,-10.545789334600654,True
3772,GQSAVEIGAQLRRMADDHKAQY,-10.54577028933458,True
3383,GRPVIWISQFLRRVGDEFNAYF,-10.54332117810458,True
2268,GQWPREIGACLRRIADNINAQA,-10.541305793060374,True
313,GRPKIWFAQELVRIADEFAAYT,-10.540580074837978,True
2851,GRREVHVGQELGRIGDEFDAYY,-10.540276776357388,True
491,GRPIIWIAQELRRFADEFIEYD,-10.539183871780084,True
1961,GQWNREYGAQLRRIGDDLAEQR,-10.538880580823143,True
512,GRPIIWLAQELARVGDEFNAYS,-10.53876263987734,True
2114,GQWIREISAFLRRLADEVNAQL,-10.53846713019111,True
1201,GRPVIWFAQELVRYGDEFDTYR,-10.538160643899783,True
2169,GQWIREFGAQLARLGDDLTAQT,-10.537220817907816,True
3645,GQRAYQIIAQLGRMADDFKAQY,-10.536783017839472,True
2057,GQWIREIAAFLRRIADVVNAQF,-10.536549159817877,True
2768,GQWVREVGAQLARIADDLLAQC,-10.534851853566863,True
285,GRPNIWLAQELRRIADEFPTYS,-10.534568707747608,True
4027,GQWIREYGAQLARFGDDLVKQS,-10.533722546176095,True
811,GRPLIWVAQELIRAGDEFVKYG,-10.533155612570784,True
2520,GQWEREFGAQLGRIADDLLTQA,-10.532726061330354,True
4684,GQWVREFGAQLARLGDDLTTQY,-10.5322436870511,True
2247,GQWHRELGAQLGRIADDLVEQT,-10.531674797401717,True
4038,GQWMREIGAQLRRLADDLITQS,-10.530937627453387,True
2978,GRPMIWIAQELGRNADEFDAYH,-10.530155980797838,True
388,GRPIIWIAQFLRRTGDLFNAYI,-10.524608730151442,True
2544,GQWAREIAAFLRRVADVVNAQA,-10.523689700299043,True
853,GRPLIWLAQELVRFADEFAAYC,-10.521029770670733,True
793,GRPLIWIAQELIRAGDEFVKYH,-10.521004371044071,True
560,GRPMIWIAQELRRFGDEFAEYC,-10.520971457049262,True
3327,GRPAIWIAQDLRRFGDKYNAYI,-10.51951736617869,True
3541,GQTALDTIAQLERMADDVHAQY,-10.518555508188415,True
4255,GQWLREFGAQLRRGADDLLAQA,-10.515636764503641,True
807,GRPLIWLAQELVRSADEFLKYN,-10.515277240817772,True
515,GRPIIWLAQELVRLADEFVAYT,-10.509807088609103,True
1221,GRPVIWLAQELARIGDEFIAYA,-10.508095821473752,True
3402,GRPVIWDAQELIRIADEFAAYY,-10.506293548706317,True
2067,GQWIREIGAYLRRLADMINAQT,-10.506167308499315,True
2434,GQWEREIAADLRRSADEYNAQF,-10.505286172790258,True
2754,GQWVREIGAQLGRIGDDLHKQH,-10.50473784103864,True
3397,GRPVIWIAQELVRIGDEFVTYA,-10.503464194950402,True
1155,GRPVIWIAQELIRAADEFNAYS,-10.502658066837967,True
2761,GQWVRELGAQLARVADDLLTQP,-10.500799226610532,True
821,GRPLIWYAQELARHADEFTEYC,-10.500269110030043,True
3315,GRPEIWVAQELARAGDEFAAYD,-10.49948825223009,True
1166,GRPVIWLAQELRRIADEFVAYD,-10.499391908057682,True
2161,GQWIREVGAQLRRIGDDLIAQN,-10.498480159604966,True
4386,GQWEREYGAQLRRFGDDLVAQC,-10.497967230878368,True
1154,GRPVIWIAQELIRLGDEFVTYS,-10.496778452170007,True
1941,GQWKREIYVLLRRLADMFNAQI,-10.496434964752504,True
645,GRPHIWIAQELIRVGDEFAEYH,-10.49493908940423,True
4517,GQWVREIAAGLRRSADVFNAQI,-10.492995309002618,True
2185,GQWMRELGAQLARIGDYLIEQC,-10.492946014904742,True
3105,GRPLIWYAQELVRAGDEFDAYS,-10.490756985256427,True
3430,GRPVIWFAQELIRLADEFNTYP,-10.490685784197131,True
852,GRPLIWLAQELVRNADEFVAYR,-10.490114239043018,True
3413,GRPVIWYAQELGRFGDEFVEYR,-10.488318769326481,True
2781,GQWVREFGAQLGRIGDDLNTQA,-10.488279993372437,True
3011,GRPQIWIGQVLRRTGDVFNAYI,-10.48773603431416,True
3718,GQGADDVGAQLARMADDLQAQY,-10.483079906972117,True
1234,GRPVIWYAQELIRFADEFTAYS,-10.48037471556698,True
2983,GRPMIWDAQELGRDGDEFATYD,-10.47901758179649,True
2292,GQWLREIGALLRRIADLANAQF,-10.47894295448819,True
2054,GQWIREIAACLRRVADQYNAQA,-10.477254875440472,True
1996,GQWTREIGADLRRVADKLNAQT,-10.474888301970259,True
126,GRTEFHIAQELIRIGDEYNAYY,-10.474351708907342,True
4241,GQWLRELGAQLGRIADDLIAQC,-10.473639565697074,True
1966,GQWNREFGAQLGRIADDLNKQH,-10.470339102498247,True
4139,GQWQREHGAQLRRIGDDLAAQA,-10.469158206236116,True
3158,GRPEIWIAQLLRRVGDMLNAYL,-10.463387424384011,True
702,GRPPIWIGQDLRRIGDKYNAYA,-10.46330582832258,True
2776,GQWVREFGAQLARIADDLIAQS,-10.462258122182906,True
823,GRPLIWYAQELVRIGDEFNEYS,-10.460392896486573,True
844,GRPLIWIAQELVRVADEFTEYN,-10.459237318321616,True
2549,GQWAREIGAYLRRLADKNNAQV,-10.458922781265656,True
3166,GRPEIWIGQLLRRLGDLTNAYT,-10.458885248849489,True
2666,GQWVREIAASLRRAADLINAQL,-10.45850428736594,True
1974,GQWTREIAALLRRLADIVNAQI,-10.455555126471491,True
4227,GQWLREIGAQLGRVADDLTTQY,-10.45466408531436,True
4693,GQWVREFGAQLVRIADDLVTQA,-10.453037786476873,True
536,GRPIIWFAQELRRGADEFITYC,-10.45250564983008,True
3366,GRPVIWIGQYLRRFGDIFNAYF,-10.452341203338452,True
2506,GQWEREIGAQLVRIGDDLVEQT,-10.451464416473524,True
1178,GRPVIWVAQELGRIGDEFATYR,-10.451389959592778,True
2939,GRPIIWISQILRRAGDLFNAYF,-10.4495313038887,True
1940,GQWKREIYALLRRLADMFNAQY,-10.449159831118491,True
820,GRPLIWYAQELIRFADEFIKYG,-10.446837811614394,True
2798,GQWVREFGAQLRRFGDDLLAQT,-10.445394635022453,True
2384,GQWLRELGAQLTRIADDLLKQS,-10.44496375133749,True
4448,GQWALDVIAQLGRMADDFQAQY,-10.444638861215942,True
2156,GQWIRELGAQLARAADDLHKQT,-10.44447576376575,True
3538,GQTAHDIAAQLRRMADDVQAQY,-10.444246510200037,True
688,GRPQIWFAQELIRFADEFDTYN,-10.441357216677757,True
4290,GQWLREYGAQLARLGDDLVTQT,-10.440697794964251,True
666,GRPHIWYAQELARYGDEFHKYC,-10.440576776474693,True
3355,GRPVIWIAQGLRRFGDLYNAYF,-10.439333731311503,True
2419,GQWLREFGAQLARCGDDLNKQS,-10.437215670794286,True
4697,CQTADQVAAQLRRMADDLEAQY,-10.435263639892245,True
2065,GQWIREIGAGLRRLADMNNAQI,-10.4349159107677,True
2316,GQWLREISAHLRRLADEVNAQA,-10.434694995724797,True
4475,GQWASHIVAQLRRMADDFQAQY,-10.434220637529114,True
249,GRPDIWFAQELRRIADEFATYP,-10.433525499691893,True
3176,GRPEIWISQFLRRTGDMFNAYF,-10.430757210695948,True
1865,GQAAVDIAAQLGRMADDLNAQY,-10.43014267013767,True
2892,GRPKIWFAQELIRVADEFTAYH,-10.429891587112662,True
683,GRPQIWVAQELRRIGDEFSKYH,-10.42960018512843,True
2561,GQWAREISAFLRRLADKFNAQA,-10.429094408903904,True
2695,GQWVREIGAYLRRLADDVNAQF,-10.427687043314736,True
4071,GQWMREYGAQLVRIADDLIAQA,-10.42702396624825,True
819,GRPLIWYAQELIRIGDEFDAYC,-10.423858992855543,True
4638,GQWVREIGAQLVRVADDLAAQR,-10.422614089514038,True
2967,GRPIIWYAQELRRVGDEFITYS,-10.422249546909008,True
2112,GQWIREISAFLRRIADKINAQT,-10.418520489122015,True
1836,GQRACDTGAQLKRMADDFHAQY,-10.416694745517947,True
1641,GRWEHHVGQELKRIGDEYQAYY,-10.416348716029024,True
2903,GRPTIWIGQFLRRIGDVYNAYL,-10.415721495293232,True
3385,GRPVIWICQILRRFGDVSNAYV,-10.41547390565407,True
2220,GQWQREIAAGLRRLADDINAQS,-10.414410241881694,True
2163,GQWIREYGAQLARYADDLVAQY,-10.413446565795846,True
2351,GQWLRELGAQLRRSGDDLNEQT,-10.41331490248669,True
3876,GQWKREFGAQLGRCADDLITQC,-10.412994414029095,True
674,GRPHIWFAQELGRVADEFAEYA,-10.412564503551842,True
1828,GQRAGDVIAQLKLMADDFEAQY,-10.411221767762665,True
2623,GQWAYDIVAQLTRMADDFQAQY,-10.411213776273058,True
2696,GQWVREIGAFLRRLADHLNAQA,-10.408562194253648,True
2591,GQWADQIVAQLRRMADDLDAQY,-10.407468533474647,True
3208,GRPEIWYAQELGRYGDEFNAYY,-10.407328615115516,True
4423,GQWAREIYAFLRRCADLFNAQL,-10.40727501850101,True
4256,GQWLREFGAQLRRGGDDLLEQR,-10.406657274737952,True
2774,GQWVREFGAQLRRCGDDLHAQY,-10.400930239564723,True
2489,GQWEREICAYLRRLADEFNAQV,-10.400714219139612,True
588,GRPMIWFAQELTRNADEFDEYT,-10.399767041302683,True
281,GRPNIWIAQELIRFADEFVAYH,-10.39876951714253,True
2602,GQWAADVVAQLRRMADDLQAQY,-10.398705786570314,True
2416,GQWLREFGAQLARTGDDLNKQS,-10.398338494225683,True
589,GRPMIWFAQELTRAGDEFAKYH,-10.398261928506198,True
742,GRPLIWIGQCLRRIGDNLNAYF,-10.397342549436079,True
1715,GRWEVDVIQELIRIGDELDAYY,-10.394036455206237,True
3190,GRPEIWVAQEFGRVGDEFNAYY,-10.393901242436575,True
2205,GQWMREFGAQLRRYADDLLAQT,-10.391467246545783,True
2629,GQWACQIIAQLRRMADDYQAQY,-10.390103464509696,True
2646,GQWAFQVGAQLKRMADDFKAQY,-10.388719264579679,True
653,GRPHIWLAQELRRVGDEFLKYH,-10.38842174324191,True
2172,GQWMREIGAQLVRIADDLITQS,-10.38772570809391,True
3311,GRPEIWLAQELIRHGDEFHEYA,-10.386876474138427,True
2333,GQWLREICADLRRLADDLNAQA,-10.386483483393668,True
4273,GQWLREIGAQLVRIGDDLITQR,-10.38631539069383,True
4352,GQWDREVGAQLRRVGDDLDEQA,-10.385847539018142,True
4250,GQWLREVGAQLVRVADDLAAQR,-10.383457751284336,True
2910,GRPTIWISQGLRRFGDLFNAYF,-10.383283219894967,True
1529,GRSELDIGQELARIGDEYDAYY,-10.37994815009586,True
2044,GQWIREIAALLRRLADEANAQA,-10.379782514071126,True
2415,GQWLREFGAQLIRFGDDLNTQY,-10.37954721337351,True
2759,GQWVRELGAQLIRIGDDLDAQT,-10.378513455767152,True
210,GRREYDIVQELRRIGDELDAYY,-10.378321971850704,True
2380,GQWLREIGAQLARLADDLIEQA,-10.377225646425401,True
3437,GRREHQVAQELIRIGDEDQAYY,-10.37487591360648,True
902,GRPEIWISQGLRRIGDEYNAYL,-10.374196693463844,True
2732,GQWVREISAFLRRVADEVNAQY,-10.373365417592419,True
2954,GRPIIWIAQELIRHADEFLKYG,-10.372972631760165,True
2907,GRPTIWIYQVLRRIGDDYNAYV,-10.37156636583719,True
492,GRPIIWIAQELIRIGDEFNTYD,-10.371145094233448,True
3183,GRPEIWVAQELRRNGDEANAYY,-10.36779377624961,True
1752,GRWECDIAQELVRIGDELKAYY,-9.492783963040882,False
124,GRTEFQVVQELVRIGDELEAYY,-9.49260334746449,False
4072,GQWMREYGAQLVRIGDDLITQA,-9.492473264759607,False
1255,GRRERDIVQELIRIGDEFHAYY,-9.492429086781883,False
236,GRRECDVSQELRRIGDEHHAYY,-9.492229270643094,False
716,GRPPIWIYQFLRRIGDNTNAYF,-9.492150910083852,False
3322,GRPEIWFAQELGRCADEFAAYC,-9.492067148647262,False
3134,GRPEIWIDQNLRRTGDVTNAYV,-9.491976254980813,False
935,GRPEVDVAQELVRIGDEIQAYY,-9.491822242278833,False
4068,GQWMREYGAQLGRFADDLAAQH,-9.491811831426931,False
3994,GQWIREICAYLRRSADHINAQL,-9.491317261084673,False
3449,GRREVDIVQELARIGDEYEAYY,-9.491273475657756,False
3915,GQWTREISAILRRCADLLNAQI,-9.491194972767977,False
3623,GQPACQAAAQLRRMADDVEAQY,-9.4910207647423,False
4443,GQWAPDAGAQLVRMADDLNAQY,-9.491012231769453,False
3230,GRPEIWLAQVLGRIADQFNAYY,-9.490954707518464,False
2933,GRPIIWIYQGLRRLGDLANAYI,-9.490747006582561,False
1399,GRGEPEAVQELIRIGDEVQAYY,-9.490742797543104,False
4100,GQWQREIYAGLRRSADHTNAQV,-9.49062888589104,False
354,GRPTIWICQSLRRSGDLYNAYF,-9.490467304813011,False
937,GRPEYQASQELVRIGDEPEAYY,-9.490463362607095,False
955,GRPECHVIQELERIGDEAQAYY,-9.490444199697816,False
1314,GRAERETVQELERIGDETNAYY,-9.490391946657724,False
1622,GRSEFQIVQELRRIGDEVNAYY,-9.490208268341927,False
1474,GRGECDTIQELVRIGDEYEAYY,-9.490160695088203,False
3909,GQWTREIYAVLRRLADMPNAQF,-9.490081848142962,False
922,GRPERDVAQELIRIGDESHAYY,-9.489940211384868,False
2908,GRPTIWISQLLRRFGDVVNAYV,-9.489908270769238,False
3667,GQAALDIIAQLRRMADDDQAQY,-9.489799975503734,False
3767,GQSAGDVVAQLGRMADDHQAQY,-9.489712971880339,False
3467,GRGERHTTQELERIGDEPDAYY,-9.489682262150817,False
3014,GRPQIWIGQFLRRVGDLVNAYA,-9.488818854227702,False
379,GRPIIWIAQDLRRTGDNVNAYS,-9.48879511116983,False
97,GRTECHAIQELKRIGDEPHAYY,-9.488713153925561,False
3762,GQSAAHVIAQLARMADDLEAQY,-9.488589065831,False
1646,GRWEHDIIQELRRIGDESEAYY,-9.488553859180076,False
4163,GQWPREIYACLRRSADVNNAQL,-9.488521081159394,False
1791,WPSGDLFAQELTRHGDEFITYN,-9.488041823553619,False
3592,GQPAHQTVAQLKRMADDVNAQY,-9.487865614789161,False
4110,GQWQREICASLRRIADMVNAQI,-9.487459992087901,False
1697,GRWEADTSQELTRIGDEYEAYY,-9.48717812852444,False
4528,GQWVREIGAGLRRTADHLNAQI,-9.486847913916547,False
330,GRPTIWIGQGLRRIGDVVNAYP,-9.486828273749644,False
3537,GQTAHHVIAQLVRMADDAQAQY,-9.486643494695963,False
3579,GQRAAEISAQLGRMADDVKAQY,-9.486595455712534,False
4233,GQWLREHGAQLRRAGDDLNTQH,-9.486553837304868,False
1690,GRWEAHIAQELIRIGDEHDAYY,-9.48651544243741,False
3846,GQWNREVGAQLARFGDDLTAQG,-9.486432106127122,False
3041,GRPQIWHAQELGRVADEFNKYS,-9.486361773726145,False
3867,GQWKREIGAQLARFADDLLTQS,-9.486341687683217,False
1305,GRREFDAVQELVRIGDEIDAYY,-9.486143763416633,False
1370,GRAECDIIQELIRIGDESHAYY,-9.48605561445823,False
1468,GRGECHISQELKRIGDEHHAYY,-9.48527265285197,False
1361,GRAECHTGQELTRIGDEVNAYY,-9.485200589849569,False
4462,GQWAVQAVAQLRRMADDIHAQY,-9.484752876882432,False
93,GRTECHIIQELVRIGDEVDAYY,-9.484570493138154,False
3630,GQPAFQIGAQLERMADDYDAQY,-9.48457023536611,False
3302,GRPDIWFAQELARTADEFAKYC,-9.484511586620037,False
1764,GRWEFEATQELIRIGDEYDAYY,-9.484470652455316,False
431,GRPIIWIYQVLRRLGDLVNAYF,-9.484260647275267,False
4553,GQWVREIYAFLRRLADHFNAQS,-9.483845180849812,False
245,GRREFDIIQELGRIGDENQAYY,-9.48370030405193,False
4639,GQWVREHGAQLTRIVDDLIAQC,-9.483591909580252,False
3627,GQPACDTVAQLTRMADDDEAQY,-9.483439098609724,False
3908,GQWTREIYADLRRVADLVNAQP,-9.483370306102179,False
3976,GQWIREISAHLRRRADLLNAQV,-9.483120896871998,False
54,GRTEGHIGQELKRIGDENQAYY,-9.482668948100578,False
3743,GQGACDITAQLRRMADDTQAQY,-9.482412802214894,False
2979,GRPMIWHAQELARSGDEFVKYR,-9.482230811686746,False
3893,GQWTREIAAFLRRPADVDNAQS,-9.482222907438818,False
7,GRTEHQIGQELARIGDEDNAYY,-9.481930846699068,False
1406,GRGELQITQELERIGDEVDAYY,-9.481761259063486,False
4641,GQWVREHGAQLIRIGDDLIEQH,-9.481615865853572,False
4054,GQWMRELGAQLGRSADDLVKQR,-9.481500149714721,False
3479,GRGECEISQELIRIGDEFHAYY,-9.481415804981314,False
1348,GRAEYEATQELTRIGDEDDAYY,-9.481404343696012,False
322,GRPTIWIAQILRRGGDKLNAYS,-9.481040610078976,False
1670,GRWERDAGQELKRIGDEIKAYY,-9.480982265255438,False
3707,GQGARHVVAQLVRMADDDNAQY,-9.480856499205373,False
4366,GQWERENGAQLRRIADDLVAQS,-9.480788340533268,False
4350,GQWDRELGAQLGRTGDDLIKQT,-9.480621393263002,False
1489,GRSEHQAIQELVRIGDEANAYY,-9.480534084174408,False
1440,GRGEVDVVQELTRIGDEVEAYY,-9.480478265122489,False
4540,GQWVREIYASLRRIADETNAQV,-9.480118758410768,False
1537,GRSEDHISQELTRIGDEFNAYY,-9.480110679636763,False
1597,GRSESDVIQELKRIGDENEAYY,-9.479920247842673,False
1472,GRGECEISQELGRIGDEDNAYY,-9.479910276208914,False
3549,GQTAVEVTAQLIRMADDLNAQY,-9.479856551334404,False
753,GRPLIWIYQLLRRSGDHINAYI,-9.479844675971991,False
374,GRPIIWIAQILRRIGDVNNAYI,-9.479766806495618,False
3869,GQWKREHGAQLIRRGDDLLKQC,-9.479644196441717,False
4345,GQWDREIGAQLVRIGDDLVTQY,-9.479371982873532,False
335,GRPTIWIYQILRRVGDVVNAYL,-9.479314779627668,False
55,GRTEGDTAQELGRIGDELKAYY,-9.479308473646126,False
4451,GQWADQAVAQLKRMADDNEAQY,-9.4792816271698,False
4008,GQWIREHGAQLTRCGDDLITQT,-9.478879723995783,False
2864,GRPKIWIYQDLRRIGDHSNAYS,-9.478814998352117,False
1362,GRAECHIIQELRRIGDESKAYY,-9.478802483829359,False
3881,GQWTREIDAGLRRRADQFNAQT,-9.47874866275948,False
158,GRRELQVIQELGRIGDEVKAYY,-9.478734856453276,False
3884,GQWTREIDACLRRLADLDNAQA,-9.478557622916444,False
1724,GRWEYDAIQELVRIGDESDAYY,-9.478403212959158,False
3791,GQSACEVTAQLARMADDLQAQY,-9.478157140474725,False
171,GRREDHIVQELIRIGDEVNAYY,-9.478010764273048,False
4584,GQWVREIGAQLIRYGDDLIEQN,-9.477753029442374,False
3769,GQSAVHVIAQLIRMADDIQAQY,-9.47744169094218,False
184,GRREGQAVQELIRIGDEYQAYY,-9.477397323419158,False
3086,GRPLIWISQYLRRTGDKSNAYT,-9.477388370893374,False
88,GRTECQVIQELARIGDESKAYY,-9.477298405084056,False
3441,GRRERQIIQELGRIGDEAKAYY,-9.477232909844666,False
3973,GQWIREISANLRRTADVVNAQI,-9.477201107267113,False
3341,GRPAIWISQCLRRIGDDTNAYT,-9.477014285801793,False
416,GRPIIWIGQFLRRIGDHPNAYI,-9.476983184990884,False
3564,GQTACDTAAQLRRMADDVEAQY,-9.476858839673586,False
3730,GQGAYEIAAQLVRMADDIEAQY,-9.47685191144053,False
4347,GQWDREHGAQLIRLGDDLNTQS,-9.476787666526256,False
1647,GRWEHDIGQELTRIGDEVNAYY,-9.476580232051166,False
4288,GQWLREYGAQLIRCGDDLVEQT,-9.476578969244935,False
2985,GRPMIWVAQELTRTGDEFHKYR,-9.476554873068944,False
4150,GQWQREYGAQLARNGDDLNAQS,-9.476370756108533,False
3135,GRPEIWIDQGLRRVGDNANAYS,-9.476255023258183,False
3599,GQPALHIVAQLVRMADDVNAQY,-9.476122789698568,False
3670,GQAAAHVTAQLIRMADDFDAQY,-9.476103957389142,False
2875,GRPNIWVAQELVRNGDEFTKYR,-9.475961933103918,False
1285,GRREVDIVQELERIGDESHAYY,-9.475679542307077,False
191,GRREGHVAQELIRIGDESDAYY,-9.475632124302873,False
1405,GRGELQTSQELKRIGDEIDAYY,-9.475346193430171,False
74,GRTEYEVIQELVRIGDEAHAYY,-9.47483810819945,False
3010,GRPQIWIGQGLRRVGDVVNAYV,-9.474544910101931,False
3163,GRPEIWIAQFLRRVGDVVNAYS,-9.474421032915668,False
901,GRPEIWISQNLRRIGDLNNAYF,-9.474395436387407,False
4433,GQWAREICALLRRIADLPNAQL,-9.47429690452477,False
3704,GQGARQVIAQLRRMADDHKAQY,-9.474173080270127,False
4508,GQWVREIDAVLRRFADLFNAQS,-9.473957653131608,False
3359,GRPVIWIAQFLRRFGDVLNAYF,-9.473729294716867,False
1933,GQSAFQISAQLVRMADDVNAQY,-9.473663017263542,False
1608,GRSECHVIQELRRIGDEHEAYY,-9.473440346666504,False
1680,GRWEDHIVQELIRIGDEANAYY,-9.4733433773991,False
201,GRREYHTSQELGRIGDENNAYY,-9.473202470560212,False
1753,GRWECDAAQELARIGDEDNAYY,-9.47312786616072,False
4152,GQWQREFGAQLTRYGDDLTKQT,-9.472947888939585,False
231,GRRECEISQELARIGDEFKAYY,-9.472917414673637,False
3499,GRWEPHTIQDLARIGDEFHAYY,-9.472357834071332,False
1612,GRSECDISQELRRIGDEDEAYY,-9.472202555164255,False
1593,GRSESEAVQELRRIGDELQAYY,-9.47220170428989,False
1556,GRSEGHVSQELVRIGDEHEAYY,-9.47214040976992,False
4426,GQWAREISASLRRLADHVNAQA,-9.471811212601356,False
1446,GRGEYQVVQELRRIGDEYNAYY,-9.471376764337274,False
4134,GQWHLEIGAQLVRLGDDLVTQH,-9.471335870862287,False
1598,GRSECQIAQELVRIGDEHDAYY,-9.471280858822585,False
3961,GQWIREIYASLRRSADQVNAQS,-9.4712720492322,False
1410,GRGELHVSQELIRIGDEAEAYY,-9.470826376507834,False
3113,GRPLIWNAQELRRCGDEFPKYC,-9.470681434125973,False
32,GRTELDIVQELERIGDEYDAYY,-9.470602519269328,False
361,GRPIIWIDQNLRRSGDVNNAYV,-9.470578677296237,False
78,GRTESQTSQELERIGDETDAYY,-9.470562324958435,False
1513,GRSERDTSQELIRIGDEINAYY,-9.47040653879817,False
4113,GQWQREICAVLRRLADVTNAQA,-9.470157832834222,False
2912,GRPIIWIDQGLRRLGDLSNAYA,-9.470146383833368,False
53,GRTEGQVAQELKRIGDEAEAYY,-9.469949561446068,False
3877,GQWKREFGAQLVRSGDDLNEQT,-9.469905336940581,False
3761,GQSADDTSAQLRRMADDVHAQY,-9.469723586637752,False
3298,GRPDIWLGRELTRCGDEFHTYP,-9.469604056578635,False
117,GRTECDVVQELIRIGDENKAYY,-9.469528619045382,False
3823,GQWKREICALLRRGADVDNAQV,-9.46952387387085,False
942,GRPEYDISQELGRIGDEVHAYY,-9.469127445998677,False
3271,GRPEGHVSQELKRIGDENNAYY,-9.468830294267914,False
22,GRTERHVVQELARIGDEAKAYY,-9.468788335513114,False
3672,GQAAADIVAQLGRMADDLEAQY,-9.468267132251677,False
3284,GRPECDVIQELTRIGDEFDAYY,-9.468254456333883,False
4416,GQWAREIYALLRRSADKSNAQF,-9.467950509288798,False
1064,GRPVIWIDQCLRRIGDNINAYS,-9.467772314586387,False
108,GRTECEAAQELVRIGDEHHAYY,-9.467657388452754,False
1545,GRSEDDIGQELTRIGDEAQAYY,-9.467567823091212,False
4283,GQWLREDGAQLVRCADDLDTQS,-9.467385444692283,False
180,GRREAQIVQELRRIGDEYDAYY,-9.467384750514384,False
3348,GRPVIWIDQYLRRRGDHPNAYV,-9.46707379871436,False
3900,GQWTREIGAVLRRVADLVNAQS,-9.467012704569973,False
3958,GQWIREIGALLRRTADVVNAQS,-9.467001678025225,False
339,GRPTIWIYQVLRRRGDEANAYF,-9.466919015714568,False
4009,GQWIREHGAQLIRFADDLVKQD,-9.466884111551966,False
1355,GRAESDIAQELGRIGDEVQAYY,-9.466698105232735,False
145,GRREHDITQELVRIGDEYEAYY,-9.4661706221692,False
3755,GQSALHIGAQLKRMADDTQAQY,-9.465942284822088,False
2817,GRTERHIVQELRRIGDESDAYY,-9.465713235109627,False
137,GRTEFDIIQELVRIGDEHEAYY,-9.465615585619053,False
2826,GRTEVESFRKLIRIGDEFEAYY,-9.46523390096791,False
3824,GQWKREICAGLRRLADKLNAQV,-9.465092691304072,False
3173,GRPEIWIYQYLRRSGDDINAYS,-9.464952706695684,False
4453,GQWADDAIAQLRRMADDVEAQY,-9.464909957285318,False
3310,GRPEIWHAQELIRRADEFIAYC,-9.464701794790617,False
1304,GRREFDIVQELVRIGDEADAYY,-9.464670020238989,False
4331,GQWEREICASLRRCADNNNAQV,-9.464541856957256,False
355,GRPTIWICQLLRRVGDLTNAYT,-9.46409891634547,False
316,GRPTIWIDQVLRRVGDEINAYF,-9.463562140841997,False
471,GRPIIWICQDLRSVGDDLNAYF,-9.463486353311412,False
4449,GQWADQTTAQLTRMADDDEAQY,-9.463381412676675,False
4689,GQWVREFGAQLGRGADDLTEQR,-9.463072459458592,False
3598,GQPARDIVAQLARMADDLKAQY,-9.463018886803145,False
2916,GRPIIWIAQDLRRTGDNFNAYA,-9.462977238192648,False
1682,GRWEDHVVQELGRIGDEFQAYY,-9.462942962657873,False
4187,GQWLREIYANLRRIADVDNAQF,-9.462673884804797,False
100,GRTECHVTQELERIGDESKAYY,-9.462131428803616,False
1259,GRRELHVSQELVRIGDEFNAYY,-9.462117118456607,False
64,GRTEVEVAQELVRIGDEYDAYY,-9.462089076870758,False
3735,GQGACQISAQLVRMADDLEAQY,-9.461765073263708,False
3647,GQRAYHIVAQLVRMADDSNAQY,-9.461590878349037,False
1075,GRPVIWIAQDLRRTGDLYNAYV,-9.461547077896336,False
1531,GRSELDVIQELKRIGDESEAYY,-9.461445349377332,False
1756,GRWEFHTIQELRRIGDEHEAYY,-9.461442206144456,False
69,GRTEVDVTQELRRIGDELDAYY,-9.461436014557533,False
1330,GRAEAHVVQELGRIGDEIHAYY,-9.461386365539617,False
4239,GQWLRELGAQLIRVGDDLVTQT,-9.461113350511813,False
3756,GQSALETIAQLERMADDAKAQY,-9.461055744461127,False
3998,GQWIRENGAQLARIGDDLLEQN,-9.46061991987252,False
178,GRREDDTIQELKRIGDEYEAYY,-9.460470217223056,False
3539,GQTARDIVAQLVRMADDTNAQY,-9.460464375409792,False
4323,GQWEREISALLRRIADMSNAQT,-9.460356418788038,False
3758,GQSALEISAQLTRMADDNEAQY,-9.460296161898377,False
1501,GRSEPDIVQELRRIGDENEAYY,-9.460177735471321,False
1300,GRREFEIVQELERIGDEFDAYY,-9.45983344416961,False
2997,GRPQIWIAQSLRRFGDHVNAYS,-9.459678838716249,False
79,GRTESETIQELGRIGDEANAYY,-9.4596050447738,False
166,GRRELDITQELARIGDEVDAYY,-9.459494077478237,False
60,GRTEVHTIQELVRIGDEVEAYY,-9.459277361363176,False
1260,GRRELETGQELERIGDEDQAYY,-9.459227444590333,False
3476,GRGESHIAQELVRIGDEHNAYY,-9.459190565902537,False
1244,GRPSIWICQFLRRTGDVINAYT,-9.458851138898485,False
1341,GRAEVHIAQELGRIGDEVNAYY,-9.458684783213233,False
369,GRPIIWIDQVLRRFGDIINAYF,-9.458637370241501,False
1548,GRSEAHVAQELVRIGDEFEAYY,-9.458158755422822,False
3696,GQAAFEAIAQLRRMADDTDAQY,-9.458108298162145,False
1403,GRGERQVSQELERIGDEVNAYY,-9.457988680939998,False
1477,GRGECDIIQELVRIGDEDHAYY,-9.457834250781893,False
1438,GRGEVDVIQELIRIGDEDQAYY,-9.457450141502246,False
3601,GQPALDTVAQLRRMADDLKAQY,-9.457330649166614,False
4382,GQWEREVGAQLRRSGDDLITQS,-9.457063565658586,False
324,GRPTIWIAQYLRRPGDQYNAYP,-9.456947114814646,False
1371,GRAECDIVQELVRIGDEHNAYY,-9.456884631689817,False
4226,GQWLREIGAQLARVGDDLPEQP,-9.456823856867645,False
4437,GQWAREICAYLRRCADDANAQV,-9.456823356540582,False
187,GRREGHATQELARIGDEYQAYY,-9.45676201416034,False
4234,GQWLREHGAQLRRAGDDLTEQA,-9.456622038953444,False
4208,GQWLREICAILRRSADQINAQP,-9.45638459049614,False
14,GRTEHDIIQELGRIGDEVDAYY,-9.456355386448497,False
1561,GRSEGDVGQELVRIGDESEAYY,-9.456277435284477,False
3332,GRPAIWIGQILRRVGDVLNAYP,-9.45621399827392,False
3482,GRGEFETGQELRRIGDENQAYY,-9.455517224237699,False
1349,GRAEYDIAQELGRIGDEDDAYY,-9.455494158545713,False
4656,GQWVREVGAQLRRLADDLPEQS,-9.455455227514953,False
3875,GQWKREFGAQLIRIGDDLHAQS,-9.45537435583184,False
385,GRPIIWIAQYLRRSGDNVNAYT,-9.45513377229986,False
101,GRTECHVSQELIRIGDEYKAYY,-9.454856103170703,False
1467,GRGECHITQELIRIGDELQAYY,-9.454550450938797,False
1538,GRSEDEAIQELARIGDEIDAYY,-9.454344378308948,False
1279,GRREGDIGQELERIGDEVDAYY,-9.4543062730138,False
947,GRPESEISQELKRIGDEFNAYY,-9.454166635874817,False
1346,GRAEYHIVQELARIGDESDAYY,-9.453982731926141,False
3269,GRPEDDIGQELRRIGDEVKAYY,-9.453868965597662,False
1412,GRGELETAQELTRIGDETDAYY,-9.45372721039395,False
4530,GQWVREIGAGLRRVADKINAQS,-9.453651006678443,False
1725,GRWEYDVAQELIRIGDETQAYY,-9.45350836795682,False
114,GRTECDAAQELIRIGDEIHAYY,-9.45344713051329,False
1620,GRSECDVGQELIRIGDEVQAYY,-9.453373425784964,False
1435,GRGEVEVSQELERIGDEHEAYY,-9.453325968259403,False
4484,GQWACHVIAQLRRMADDHQAQY,-9.453261747897606,False
1609,GRSECEIGQELIRIGDESNAYY,-9.453258755311676,False
1378,GRAEFQVTQELGRIGDEAQAYY,-9.452760133419051,False
1287,GRREYEIGQELIRIGDEFKAYY,-9.452386651144481,False
3775,GQSAVDTGAQLGRMADDDHAQY,-9.45205430743989,False
3852,GQWNREYGAQLIRAADDLITQS,-9.452017721446511,False
120,GRTEFQITQELIRIGDETDAYY,-9.451921722744164,False
2899,GRPTIWIGQDLRRVGDVPNAYL,-9.451667921647116,False
1344,GRAEYQIGQELARIGDEDNAYY,-9.451438177479282,False
4260,GQWLREFGAQLVRFADDLLTQA,-9.45132070214584,False
3575,GQRALDAVAQLVRMADDTNAQY,-9.451245144808246,False
4158,GQWPREIGASLRRAADDVNAQT,-9.451088662701439,False
2816,GRTEHQVSQELVRIGDEIDAYY,-9.450925863698933,False
1747,GRWECEVSQELGRIGDEIKAYY,-9.450715227098533,False
1562,GRSEVQTGQELRRIGDEYEAYY,-9.45041579382741,False
1721,GRWEYEIGQELRRIGDEHQAYY,-9.450079558332584,False
3517,GRWEVDIVQELARIGDENQAYY,-9.450066844314287,False
3369,GRPVIWIYQNLRRVGDVYNAYI,-9.449798150962225,False
4385,GQWEREYGAQLTRIADDLHAQP,-9.449677366531551,False
1045,GRPAIWIYQYLRRIGDMANAYL,-9.448963188414202,False
4680,GQWVREFGAQLRRYADDLPKQR,-9.448667627742457,False
3454,GRRECETGQELGRIGDEADAYY,-9.448663797923553,False
1639,GRWEHHITQELVRIGDENQAYY,-9.448646370782267,False
237,GRRECDVSQELERIGDEHHAYY,-9.448551811410283,False
4125,GQWHRELGAQLIRYGDDLDAQY,-9.448393545942984,False
3901,GQWTREIGAYLRRCADVANAQA,-9.448283089161633,False
1881,GQAAFDITAQLKRMADDINAQY,-9.448157430971769,False
4231,GQWLREIGAQLVRYGDDLHEQR,-9.447998594657806,False
4199,GQWLREIYAFLRRSADIYNAQT,-9.44770845474024,False
3576,GQRADQTSAQLRRMADDYNAQY,-9.447557099351961,False
2874,GRPNIWVAQELIRVGDEFAEYD,-9.447355481427948,False
4398,GQWAREIAADLRRCADEANAQA,-9.44693727261807,False
4671,GQWVREYGAQLARSADDLLEQY,-9.446535706557807,False
1707,GRWEVQIIQELERIGDENEAYY,-9.44634439258193,False
3734,GQGASHVAAQLIRMADDVEAQY,-9.446252217054347,False
3512,GRWEVQISQELERIGDEVNAYY,-9.446172024781115,False
3618,GQPASQTIAQLRRMADDDKAQY,-9.446016307669687,False
1795,WPWGRPNQSGMGRIGDEDDAYY,-9.44581513844033,False
3628,GQPACDIGAQLTRMADDANAQY,-9.445761423019006,False
1414,GRGEDHISQELGRIGDEVQAYY,-9.445730731666961,False
4261,GQWLRENGAQLRRTGDDLIAQT,-9.445473889740322,False
1943,GQWKREISAYLRRIADVDNAQT,-9.44529778481638,False
1705,GRWEGDTIQELIRIGDEVDAYY,-9.44521431554131,False
1931,GQSAFQITAQLIRMADDTNAQY,-9.445058032516098,False
4626,GQWVRENGAQLRRIADDLIAQY,-9.444908905461153,False
3979,GQWIREISADLRRIADDSNAQI,-9.44481316640547,False
11,GRTEHEVGQELTRIGDETDAYY,-9.444724663443925,False
3473,GRGEGEVAQELARIGDEHHAYY,-9.444581874460363,False
1839,GQRAFHVSAQLVRMADDNNAQY,-9.444211137716346,False
1388,GRAEFDIAQELVRIGDEVEAYY,-9.444162405478561,False
4036,GQWMRENGAQLGRPGDDLTEQD,-9.44385669419848,False
39,GRTEDHISQELARIGDEFQAYY,-9.443818043274932,False
177,GRREDEVSQELRRIGDEIEAYY,-9.443779138849898,False
391,GRPIIWIGQNLRRVGDVINAYV,-9.443678604952812,False
3860,GQWNREFGAQLVRIGDDLNTQS,-9.443621527408123,False
4091,GQWMREFGAQLVRLGDDLHEQH,-9.443503209721806,False
141,GRTEFDVVQELTRIGDEYNAYY,-9.443455102971534,False
122,GRTEFQIVQELIRIGDEHNAYY,-9.443453701412023,False
318,GRPTIWIDQCLRRLGDVYNAYF,-9.44335954224614,False
920,GRPEREIVQELVRIGDEHDAYY,-9.4432389264703,False
66,GRTEVDIAQELIRIGDEVEAYY,-9.442812115576931,False
4358,GQWDREYGAQLARAADDLLEQT,-9.44274743819009,False
3125,GRPLIWYAQELARSADEFPKYS,-9.44246311939726,False
3763,GQSAAEIVAQLTRMADDVEAQY,-9.441665974098607,False
456,GRPIIWISQYLRRVGDDINAYP,-9.441628163082736,False
3603,GQPAAHAIAQLIRMADDLKAQY,-9.44159043720813,False
4666,GQWVREVGAQLGRFGDDLNEQH,-9.441585317915283,False
3832,GQWNREIGAQLRRCGDDLVTQT,-9.441544911031887,False
1507,GRSERHIIQELVRIGDEDHAYY,-9.441324242212039,False
3668,GQAADDVVAQLARMADDLEAQY,-9.44044471965704,False
2857,GRRECHVTQELIRIGDEAKAYY,-9.43993692105697,False
1578,GRSEYHTSQELKRIGDEPDAYY,-9.43988169035731,False
3933,GQWIREIDALLRRAADVDNAQF,-9.43944859297796,False
17,GRTEPDVVQELTRIGDEVNAYY,-9.4391453750571,False
1481,GRGEFHAGQELARIGDELHAYY,-9.43884100713722,False
1311,GRAERHVVQELVRIGDEVEAYY,-9.438768795817694,False
169,GRREDQITQELIRIGDEFDAYY,-9.438656438460967,False
4548,GQWVREIYAYLRRFADVSNAQF,-9.438643527661583,False
3522,GRWESHISQELERIGDEFDAYY,-9.438604959892976,False
4384,GQWEREVGAQLVRFADDLATQH,-9.438338313690053,False
1358,GRAESDVGQELVRIGDEYDAYY,-9.438121707130849,False
20,GRTERHIVQELGRIGDEDKAYY,-9.437958755973137,False
1328,GRAEDDVIQELVRIGDEVEAYY,-9.437895291084391,False
1476,GRGECDISQELKRIGDEDEAYY,-9.437396273719132,False
963,GRPECDIGQELKRIGDEDDAYY,-9.437116701151123,False
183,GRREADIVQELRRIGDESEAYY,-9.437101529885759,False
1469,GRGECHIVQELERIGDESEAYY,-9.436935619239694,False
4357,GQWDREYAPKMIRIADDLTKQT,-9.436896637316023,False
1458,GRGESEAVQELRRIGDEDHAYY,-9.436791353161954,False
3656,GQAAHQIIAQLKRMADDYKAQY,-9.436739277065929,False
3165,GRPEIWIGQSLRRSGDHSNAYF,-9.436544638415407,False
2936,GRPIIWIYQFCVVSGDLINAYV,-9.436265411011746,False
3577,GQRADETTAQLARMADDLDAQY,-9.435941857081351,False
4141,GQWQRELGAQLTRIGDDLTEQP,-9.435834127242774,False
107,GRTECETGQELRRIGDEAHAYY,-9.435694394303932,False
1541,GRSEDDTTQELVRIGDEFNAYY,-9.43512735601888,False
1453,GRGEYDIAQELVRIGDEPNAYY,-9.4346170516062,False
4478,GQWASEIVAQLTRMADDLEAQY,-9.434599563343589,False
4439,GQWAVKFMPSLRRPADKYNAQF,-9.434203839679178,False
960,GRPECDTTQELIRIGDEYEAYY,-9.433414819296775,False
1559,GRSEGEVAQELVRIGDEFEAYY,-9.433206677139992,False
3617,GQPAYDVGAQLKRMADDNQAQY,-9.433193100572002,False
2880,GRPNIWFAQELVRIADEFDTYH,-9.43313562944842,False
1307,GRAEHQVTQELIRIGDENHAYY,-9.433032030084204,False
3635,GQRARHTGAQLGRMADDYHAQY,-9.432984549265266,False
3779,GQSASQTIAQLIRMADDHEAQY,-9.432794434681275,False
4080,GQWMREFGAQLIRIGDDLLTQC,-9.432757059805018,False
1533,GRSEDQIIQELVRIGDELQAYY,-9.432720829981918,False
1486,GRVECHTIQELARIGDEYEAYY,-9.432623506482539,False
3466,GRGEHETGQELARIGDEHKAYY,-9.432518095389224,False
3506,GRWEGHTIQELIRIGDESHAYY,-9.432175589776927,False
3542,GQTADQVGAQLGRMADDDKAQY,-9.431933207587461,False
3935,GQWIREIDAYLRRIADEYNAQA,-9.431460200390438,False
2865,GRPKIWISQSLRRVGDNSNAYF,-9.431208733896892,False
1530,GRSELDAIQELERIGDELDAYY,-9.430997649590456,False
3070,GRPLIWIGQILRRRGDHHNAYP,-9.430935900817152,False
1732,GRWESHVTQELKRIGDEIDAYY,-9.430835270978996,False
4442,GQWAPQVVAQLVRMADDIEAQY,-9.43057742905234,False
143,GRREHHVVQELKRIGDELEAYY,-9.43038474372985,False
1590,GRSESHIAQELGRIGDEFHAYY,-9.430313153324338,False
3336,GRPAIWIYQILRRSGDMINAYA,-9.430191095577472,False
3878,GQWKREFGAQLVRLADDLATQY,-9.429581201829668,False
4207,GQWLREICASLRRAADVYNAQF,-9.429390130366393,False
4090,GQWMREFGAQLVRHGDDLNEQA,-9.42911568675278,False
4676,GQWVREFGAQLTRYGDDLITQY,-9.42863004947859,False
365,GRPIIWIDQLLRRTGDLVNAYI,-9.428446914213078,False
4670,GQWVREYGAQLIRFGDDLIAQS,-9.427553017876527,False
366,GRPIIWIDQLLRRSGDLVNAYI,-9.427536983458628,False
4031,GQWIREFGAQLIRYGDDLVAQP,-9.42732835407362,False
3717,GQGADEIAAQLIRMADDIHAQY,-9.42724074049868,False
1945,GQWKREICANLRRFADHSNAQF,-9.427023324956037,False
3578,GQRADDISAQLERMADDPNAQY,-9.426942761182103,False
411,GRPIIWIGQYLRRIGDVDNAYF,-9.426564580145007,False
929,GRPEGDIGQELTRIGDEVDAYY,-9.425667155624572,False
1350,GRAEYDVVQELKRIGDEFHAYY,-9.42557384929443,False
1825,GQRALHIIAQLVRMADDSNAQY,-9.425358097626557,False
3870,GQWKREHGAQLVRSADDLAAQC,-9.42523610297674,False
1815,GQTAYQIVAQLIRMADDYKAQY,-9.425195888863762,False
1263,GRRELDVIQELIRIGDEVEAYY,-9.425091838559876,False
334,GRPTIWIYQILRRIGDEINAYA,-9.424699362245759,False
733,GRPLIWIAQFLRRSGDIYNAYP,-9.424538099860008,False
4602,GQWVREDGAQLARLADDLLAQA,-9.424341776789122,False
4351,GQWDREVGAQLRRAGDDLNTQG,-9.424026348218305,False
4682,GQWVREFGAQLARTGDDLHKQG,-9.423503233867047,False
320,GRPTIWIDQFLRRCGDQINAYP,-9.423150194253248,False
3219,GRPEIWWAQWFGRAADEFNAYY,-9.423011352637287,False
3471,GRGEDQISQEMGRIGDEDDAYY,-9.4229861532875,False
52,GRTEGQAIQELVRIGDESQAYY,-9.422762316987626,False
3328,GRPAIWIAQDLRRFGDMTNAYI,-9.422333912813489,False
10,GRTEHHVSQELVRIGDETQAYY,-9.422008529405467,False
1579,GRSEYHTVQELTRIGDEANAYY,-9.421995924095668,False
1770,GRWEFDAVQELIRIGDEVDAYY,-9.421797161125513,False
2904,GRPTIWIYQILRRAGDVDNAYL,-9.421324830190668,False
4390,GQWEREFGAQLIRPGDDLLTQY,-9.421314224824972,False
4121,GQWHREIGAQLGRLADDLIAQS,-9.42125840227865,False
8,GRTEHHTTQELIRIGDENEAYY,-9.421210336344314,False
972,GRPEFDVVQELARIGDEYKAYY,-9.42102505630563,False
2827,GRTEYHVAQELRRIGDEVEAYY,-9.42099247874554,False
1553,GRSEGQTIQELRRIGDETQAYY,-9.420975889174592,False
2945,GRPIIWISQFLRRCGDNLNAYF,-9.420746772650435,False
1273,GRREADIGQELTRIGDEIDAYY,-9.420601877379438,False
3930,GQWTLKFVPSLRRAADQDNAQF,-9.420030311819014,False
1830,GQRAVQVSAQLKRMADDINAQY,-9.419842176399461,False
3945,GQWIREIAADLRRIADDNNAQA,-9.419649782533886,False
4660,GQWVREVGAQLIRRGDDLPKQD,-9.419613034001296,False
1315,GRAERDIAQELERIGDEHDAYY,-9.419428138649424,False
4668,GQWVREVGAQLVRIGDDLTTQG,-9.419400913200382,False
1337,GRAEGDVSQELVRIGDEVKAYY,-9.41938926849867,False
4303,GQWEREIDAVLRRLADDFNAQV,-9.419357243928069,False
4330,GQWEREICASLRRCADKINAQV,-9.41931469624609,False
1383,GRAEFHVVQELTRIGDEPQAYY,-9.419240295007242,False
3817,GQWKREIYAVLRRCADNANAQL,-9.418964951335887,False
1543,GRSEDDTIQELRRIGDEFKAYY,-9.418612829212721,False
4359,GQWDREFGAQLTRCGDDLIEQP,-9.418605616711043,False
1335,GRAEGEASQELVRIGDEIQAYY,-9.41812336177944,False
1577,GRSEYHTTQELIRIGDEPEAYY,-9.417932906914654,False
4435,GQWAREICAYLRRTADHVNAQV,-9.417335865747468,False
3688,GQAACEISAQLRRMADDLKAQY,-9.417209076938844,False
3939,GQWIREIAANLRRRADQHNAQA,-9.416837551495476,False
3611,GQPAVHIVAQLIRMADDVEAQY,-9.416793055648123,False
85,GRTECQIGQELIRIGDEYDAYY,-9.41632102991816,False
1704,GRWEGDTIQELIRIGDEINAYY,-9.416202361065077,False
1439,GRGEVDVAQELKRIGDEPNAYY,-9.416018002707588,False
4380,GQWEREEAPKLRRCADDLIAQS,-9.415836131739104,False
1576,GRSEYQIGQELIRIGDEVQAYY,-9.415588995022985,False
3615,GQPAYQVIAQLGRMADDIQAQY,-9.415367453306622,False
1359,GRAECQVTQELRRIGDEYHAYY,-9.41483347179364,False
1675,GRWELHIVQELGRIGDEVEAYY,-9.414778355603268,False
3727,GQGAVDAGAQLIRMADDNHAQY,-9.414378474705194,False
3863,GQWKRENGAQLIRLGDDLNTQP,-9.414176926894807,False
4507,GQWVREIDAVLRRGADVSNAQT,-9.414156962533584,False
1575,GRSEVDVTQELIRIGDEHQAYY,-9.414041635464528,False
3702,GQAVCHIAAQLIRMADDAEAQY,-9.41305370890401,False
3833,GQWNREHGAQLIRTGDDLPEQP,-9.412368482730077,False
4642,GQWVRELGAQLTRYGDDLNAQT,-9.412353386387958,False
132,GRTEFETGQELTRIGDETHAYY,-9.411617445345492,False
319,GRPTIWIDQFLRRIGDVLNAYS,-9.41159638971958,False
1110,GRPVIWIYQLLRRTGDNVNAYV,-9.4114902444569,False
1460,GRGESEVVQELRRIGDEDKAYY,-9.411232667003471,False
2995,GRPQIWIDQLLRRIGDDTNAYV,-9.410303850625018,False
3674,GQAAGDIIAQLVRMADDVNAQY,-9.410262750104913,False
4606,GQWVREVGAQLARAGDDLIEQH,-9.410076134551693,False
243,GRREFEVIQELGRIGDEDEAYY,-9.40972810750615,False
3591,GQRAFDVSAQLGRMADDHDAQY,-9.409718591939942,False
1595,GRSESDTGQELRRIGDEYHAYY,-9.409707994947569,False
3733,GQGASQVIAQLIRMADDDNAQY,-9.4092945674337,False
1377,GRAEFQAIQELVRIGDEHEAYY,-9.409071076699394,False
1125,GRPVIWISQDLRRIGDKNNAYI,-9.408756480365394,False
1673,GRWELQAAQELTRIGDEDNAYY,-9.4085412248371,False
4236,GQWLRELGAQLTRFGDDLDEQS,-9.408192332971923,False
1310,GRAERHTVQELKRIGDELEAYY,-9.408003045995669,False
368,GRPIIWIDQVLRRIGDIFNAYV,-9.406964950679528,False
344,GRPTIWISQNLRRFGDKLNAYT,-9.40663433955099,False
3483,GRSEHETIQELIRIGDETEAYY,-9.406507206979546,False
4536,GQWVREIGAFLRRVADVNNAQF,-9.406425813701585,False
1411,GRGELETSQELIRIGDEVKAYY,-9.406344294577536,False
4600,GQWVRELGAQLARSGDDLIEQA,-9.406285562296539,False
3780,GQSASHTVAQLGRMADDVQAQY,-9.405942409260994,False
9,GRTEHHIGQELRRIGDEAHAYY,-9.405716871055528,False
3799,GQSAFEVAAQLIRMADDVDAQY,-9.405634828472838,False
1485,GRGEFDIAQELVRIGDENDAYY,-9.405133010571054,False
1104,GRPVIWIYQILRRLGDDNNAYP,-9.4051046651201,False
4551,GQWVREIYAFLRRSADMFNAQS,-9.40477453947169,False
1667,GRWEREVAQELIRIGDEDEAYY,-9.404413484070094,False
4147,GQWQREVGAQLTRYGDDLIEQP,-9.40431900905629,False
1573,GRSEVDIIQELVRIGDEDHAYY,-9.404173287998843,False
4361,GQWDREFGAQLRRYGDDLITQN,-9.403935534586816,False
34,GRTEDQTSQELVRIGDEIDAYY,-9.403835580992737,False
1779,CRPIIWIGQHLRRFGDVVNAYF,-9.403819496441528,False
2870,GRPNIWHAQELIRHADEFDEYR,-9.403094956474408,False
1589,GRSESHTIQELGRIGDETNAYY,-9.40284661282898,False
1442,GRGEYQISQELARIGDELHAYY,-9.402573853072944,False
83,GRTESDAVQELIRIGDEVNAYY,-9.401944523148597,False
4614,GQWVREFGAQLIRVADDLTTQP,-9.401609175961292,False
4102,GQWQREIYAVLRRFADMYNAQT,-9.401548078733294,False
1356,GRAESDASQELTRIGDEFDAYY,-9.401127080972278,False
89,GRTECHTIQELTRIGDEPNAYY,-9.400919924152547,False
4340,GQWDRENGAQLTRYGDDLATQC,-9.400700151589422,False
106,GRTECETSQELTRIGDELDAYY,-9.400203713885887,False
1631,GRSEFHVAQELVRIGDENKAYY,-9.400076078992825,False
4543,GQWVREIYALLRRAADEVNAQI,-9.399978828721412,False
3571,GQTAFEVIAQLGRMADDVNAQY,-9.399927882531324,False
1381,GRAEFHVAQELGRIGDEVNAYY,-9.399853280677242,False
1338,GRAEGDVIQELTRIGDEIDAYY,-9.399513697314543,False
3540,GQTALQTIAQLGRMADDANAQY,-9.399368698630811,False
3753,GQSAREIGAQLGRMADDHKAQY,-9.399198320589695,False
3879,GQWTREIDARLRRRADEDNAQL,-9.39901047460603,False
3659,GQAAPDIIAQLIRMADDDEAQY,-9.398949350133137,False
1397,GRGEPQIGQELRRIGDETHAYY,-9.398637020709874,False
1837,GQRAFQITAQLARMVDDVKAQY,-9.398401610583138,False
4509,GQWVREIDAYLRRPADVLNAQL,-9.398175913472476,False
3494,GRSEYDVTQELIRIGDETHAYY,-9.3979477169923,False
1265,GRREDHIGQELVRIGDEINAYY,-9.397856909655793,False
2838,GRREHHIVQELRRIGDETEAYY,-9.397756336533666,False
1354,GRAESDTSQELIRIGDETEAYY,-9.397702156547783,False
1434,GRGEVEIIQELKRIGDEIQAYY,-9.39769265189774,False
3023,GRPHIWIAQELRRRADEFHKYR,-9.397539262093163,False
2973,GRPIIWFAQELGRDGDEFNAYT,-9.3974175132327,False
57,GRTEGDVTQELARIGDEANAYY,-9.397286736287768,False
1766,GRWEFDTGQELIRIGDEYHAYY,-9.396876313215136,False
1517,GRSELQTGQELRRIGDEYEAYY,-9.396688189507532,False
1283,GRREVQAVQELIRIGDEINAYY,-9.39642643658502,False
3056,GRPPIWIGQDLRRTGDNINAYF,-9.396269398065225,False
1448,GRGEYHVTQELVRIGDELEAYY,-9.396075671948726,False
110,GRTECEAGQELIRIGDEVDAYY,-9.3958966978724,False
15,GRTEHDIGQELVRIGDETNAYY,-9.395765265334497,False
4644,GQWVRELGAQLIRTGDDLLEQY,-9.395450795884722,False
71,GRTEYHIVQELTRIGDESNAYY,-9.395210410908657,False
1746,GRWECEIAQELERIGDEHKAYY,-9.395190833113148,False
1496,GRSEHEVIQELKRIGDELKAYY,-9.39498962190532,False
35,GRTEDQTIQELARIGDENDAYY,-9.394834259432873,False
3711,GQGALEIGAQLGRMADDIDAQY,-9.394605294191708,False
194,GRREVHTSQELKRIGDEVDAYY,-9.394547548247752,False
1794,WPCGIRIGQELTRIGDELNAYY,-9.39436674995742,False
1319,GRAELEIVQELVRIGDEDNAYY,-9.39433611485547,False
217,GRRECHTTQELRRIGDEVHAYY,-9.394143906528637,False
1775,GGRGKPNHQELIRIGDEDHAYY,-9.393999728768225,False
1583,GRSEYEISQELARIGDEYKAYY,-9.393700078611072,False
41,GRTEDHIAQELKRIGDEPHAYY,-9.393334212978264,False
336,GRPTIWIYQILRRCGDNINAYV,-9.393332813227493,False
3581,GQRAVEAVAQLGRMADDHEAQY,-9.392673499742939,False
4333,GQWEREICAHLRRIADHDNAQA,-9.392636367538053,False
971,GRPEFDIGQELTRIGDEFKAYY,-9.392595549859426,False
38,GRTEDHITQELVRIGDEAEAYY,-9.392220864842429,False
967,GRPEFHVIQELKRIGDELKAYY,-9.3921990638126,False
4344,GQWDREIGAQLGRTGDDLAKQG,-9.392184513783633,False
1342,GRAEVDITQELERIGDESNAYY,-9.392000490260363,False
3680,GQAAYDVIAQLVRMADDVDAQY,-9.39177191024478,False
129,GRTEFHAGQELTRIGDEFEAYY,-9.391693308783386,False
4522,GQWVREIGAHLRRRADVVNAQL,-9.39169145989984,False
871,GRPEIWIDQYLRRIGDMTNAYT,-9.39136177321149,False
4654,GQWVREVGAQLTRGGDDLVEQH,-9.391354619989436,False
3723,GQGAGETIAQLIRMADDLHAQY,-9.390903602199264,False
4458,GQWAGHIVAQLTRMADDTEAQY,-9.390448986166096,False
1495,GRSEHEISQELVRIGDEYDAYY,-9.390204653587622,False
2846,GRREGHTGQELGRIGDENHAYY,-9.389991404705736,False
190,GRREGHVSQELKRIGDEVNAYY,-9.389857451895027,False
4696,GRWEPISFRKLTRIGDEINAYY,-9.3897673245785,False
45,GRTEDDIGQELRRIGDEVKAYY,-9.389632043250108,False
1115,GRPVIWIYQFLRRIGDLVNAYV,-9.38944815214658,False
3736,GQGACQASAQLGRMADDYKAQY,-9.389362170266052,False
3266,GRPERHTAQELGRIGDEVKAYY,-9.38931243062597,False
1347,GRAEYEIDQELERIGDEVDAYY,-9.38917814338751,False
165,GRRELDTIQELERIGDEAKAYY,-9.38895539512092,False
1491,GRSEHHTVQELTRIGDEVNAYY,-9.388865057485283,False
931,GRPEVHVIQELTRIGDEYEAYY,-9.388855105647584,False
1904,GQSALHVIAQLERMADDDHAQY,-9.388824271677656,False
2974,GRPIIWFAQELVRDGDEFHAYN,-9.388672284208774,False
338,GRPTIWIYQVLRRIGDIPNAYF,-9.388615248078256,False
1492,GRSEHHIAQELRRIGDEYEAYY,-9.388388708677931,False
462,GRPIIWISQFLRRVGDNINAYI,-9.388114312188268,False
1727,GRWESHITQELKRIGDEFNAYY,-9.388113253096444,False
142,GRREHQVIQELIRIGDEVNAYY,-9.387990468357962,False
4166,GQWPREISAVLRRCADQANAQF,-9.387774696077155,False
4362,GQWDREFGAQLIRTADDLTTQS,-9.387747612311507,False
1345,GRAEYQVGQELGRIGDEFHAYY,-9.387700103901043,False
946,GRPESHIGQELGRIGDETHAYY,-9.387663681856028,False
48,GRTEADTSQELGRIGDEIDAYY,-9.387554915625316,False
480,GRPIIWICQCLRRGGDIYNAYL,-9.387313675231471,False
147,GRREPHTTQELARIGDEVHAYY,-9.38724828288734,False
33,GRTEDQTSQELVRIGDEIDAYY,-9.387212934852583,False
1398,GRGEPEIGQELVRIGDEHDAYY,-9.387071677340137,False
19,GRTERHIAQELARIGDEADAYY,-9.386349354797954,False
1781,WPYGRPCQSGTKRIGDEAQAYY,-9.385531159898816,False
3573,GQRAPEIAAQLTRMADDIQAQY,-9.385521280771082,False
73,GRTEYETAQELGRIGDEYDAYY,-9.385495051344632,False
218,GRRECHTSQELIRIGDEPQAYY,-9.385404178671164,False
130,GRTEFHVSQELRRIGDELNAYY,-9.3853689735698,False
111,GRTECEVSQELIRIGDEFEAYY,-9.384747005668263,False
3872,GQWKRELGAQLRRAADDLHEQC,-9.383979179333927,False
4367,GQWEREIGAQLIRDADDLDTQD,-9.383970523473007,False
343,GRPTIWIYQCLRRFGDLINAYF,-9.38325477416,False
4640,GQWVREHGAQLRRSGDDLLEQN,-9.383179606536958,False
1493,GRSEHHVTQELVRIGDEIEAYY,-9.382431318865864,False
2640,GQWAFQITAQLIRMADDIDAQY,-9.382375428784176,False
384,GRPIIWIAQYLRRTGDLNNAYF,-9.382307974483284,False
3500,GRWEPDIVQELRRIGDEVDAYY,-9.382128974661406,False
1755,GRWEFQVAQELVRIGDETDAYY,-9.380900848192457,False
86,GRTECQIGQELVRIGDEDEAYY,-9.380827313109366,False
348,GRPTIWISQDLRRCGDIDNAYT,-9.380719523478303,False
342,GRPTIWIYQCLRRIGDDANAYV,-9.380521056213578,False
315,GRPTIWIDQVLRRPGDKDNAYV,-9.380342086995649,False
84,GRTECQTVQELVRIGDELEAYY,-9.380308015156704,False
4675,GQWVREFGAQLTRRADDLHKQY,-9.380144461582793,False
133,GRTEFETGQELRRIGDEIHAYY,-9.380102378533957,False
185,GRREGQVSQELRRIGDELQAYY,-9.380015780839447,False
109,GRTECEAGQELIRIGDELHAYY,-9.379773922750587,False
163,GRRELEAIQELKRIGDEIEAYY,-9.379693463344648,False
28,GRTELHIIQELERIGDETNAYY,-9.379408185654457,False
362,GRPIIWIDQNLRRFGDLFNAYV,-9.379162804598963,False
1535,GRSEDQIVQELIRIGDEDNAYY,-9.379106934503788,False
1793,WPSEHDTIQELKRIGDESEAYY,-9.379015298314876,False
1484,GRGEFDIIQELGRIGDEHEAYY,-9.378663181399984,False
1391,GRGEHQTIQELARIGDEVEAYY,-9.378609510140773,False
353,GRPTIWICQNLRRFGDQINAYI,-9.378465850727153,False
3633,GQPAFDAAAQLVRMADDLDAQY,-9.377863374144905,False
321,GRPTIWIAQNLRRIGDKLNAYT,-9.37757348587942,False
216,GRRECQIVQELRRIGDENKAYY,-9.377565554148973,False
3888,GQWTREIAALLRRIADITNAQP,-9.377466440009748,False
26,GRTELQVAQELVRIGDEHDAYY,-9.377124274779952,False
1935,GQSAFDVIAQLIRMADDVHAQY,-9.377011774023703,False
4505,GQWVREIDAILRRSADLFNAQA,-9.376407456419653,False
962,GRPECDIIQELTRIGDEYHAYY,-9.376114378502187,False
1276,GRREGQAVQELVRIGDETNAYY,-9.37605174377588,False
1592,GRSESETVQELERIGDEVQAYY,-9.375866567161003,False
1336,GRAEGDIVQELERIGDEFEAYY,-9.375847893769675,False
3000,GRPQIWIAQDLRRSGDNVNAYA,-9.375519835003436,False
3481,GRGEFHVTQELRRIGDEFDAYY,-9.374521443424179,False
3508,GRWEGHIGQELIRIGDENEAYY,-9.37442419788834,False
1267,GRREDEISQELVRIGDEIEAYY,-9.374077828877956,False
6,GRTEHQIGQELIRIGDEDDAYY,-9.373976578346666,False
1394,GRGEHDTVQELIRIGDEAEAYY,-9.373642579981835,False
1512,GRSEREVVQELVRIGDEFNAYY,-9.373474831044836,False
80,GRTESEIIQELGRIGDEVEAYY,-9.373341532145217,False
3567,GQTACDIGAQLVRMADDIEAQY,-9.373215153174169,False
3842,GQWNREVAPKLVRIGDDLLKQS,-9.373095066561099,False
3871,GQWKRELGAQLRRLADDLTKQG,-9.372670478553156,False
1289,GRREYDIVQELTRIGDEYKAYY,-9.372334726033056,False
1325,GRAEDDITQELIRIGDEADAYY,-9.372146774877613,False
1769,GRWEFDIGQELVRIGDEHHAYY,-9.372116838901157,False
1508,GRSERHIAQELKRIGDEANAYY,-9.372109514856401,False
1564,GRSEVHASQELERIGDELQAYY,-9.372074762449822,False
4165,GQWPREISADLRRIADIVNAQS,-9.371583039174617,False
4162,GQWPREIYAILRRVADNDNAQI,-9.371263213817826,False
118,GRTEFQTSQELGRIGDELDAYY,-9.37124868438729,False
1380,GRAEFHIGQELGRIGDEFKAYY,-9.371082041842076,False
2881,GRPKIWNAQELTRSGDEFVEYY,-9.37045309148852,False
4557,GQWVREISAVLRRLADMTNAQF,-9.370428251650967,False
4346,GQWDREHGAQLRRAADDLPAQR,-9.370217748477856,False
75,GRTEYDTGQELKRIGDEYKAYY,-9.369631056754407,False
238,GRREFQISQELGRIGDEFQAYY,-9.369571958857009,False
1650,GRWEPHITQELIRIGDELQAYY,-9.369402046833258,False
1299,GRREFHTVQELIRIGDELQAYY,-9.369357603854283,False
1357,GRAESDVIQELERIGDESHAYY,-9.369331211689916,False
1679,GRWELDIAQELKRIGDEDQAYY,-9.369149172923832,False
936,GRPEYQIIQELERIGDETDAYY,-9.369128151952749,False
232,GRRECEIGQELTRIGDEIKAYY,-9.368772989474898,False
103,GRTECHVSQELVRIGDEDKAYY,-9.368386034200773,False
3470,GRGELDVGQELGRIGDEVEAYY,-9.36790928992002,False
186,GRREGHIIQELKRIGDEHHAYY,-9.367837412378456,False
1290,GRRESHISQELRRIGDEYHAYY,-9.367330305453997,False
3655,GQRACDVSAQLKRMADDAQAQY,-9.367109266574401,False
2809,WPMIREIYAVLRRVADILNAQI,-9.367013335366721,False
127,GRTEFHIVQELERIGDEYNAYY,-9.365971132175009,False
1649,GRWEPQIGQELVRIGDEIDAYY,-9.36571611106791,False
59,GRTEVQVIQELGRIGDEFEAYY,-9.365512225835914,False
213,GRRESDTSQELTRIGDEVQAYY,-9.364637086129695,False
1528,GRSELDIGQELERIGDEYDAYY,-9.36456748892523,False
2964,GRPIIWLAQELIRRGDEFPEYG,-9.364541272544818,False
16,GRTEPHVSQELTRIGDEIEAYY,-9.36382086528359,False
4332,GQWEREICAILRRCADLHNAQV,-9.363103410996727,False
1375,GRAEFQIVQELKRIGDELNAYY,-9.362904373924652,False
4191,GQWLREIYAVLRRCADKVNAQV,-9.362695757362589,False
149,GRREPHVAQELRRIGDELKAYY,-9.362678628625183,False
1262,GRRELDIVQELTRIGDEIEAYY,-9.362529581248063,False
157,GRRELQLTQELIRIGDEYQAYY,-9.362216787169087,False
3751,GQSAPHVVAQLTRMADDIEAQY,-9.362091643173452,False
1555,GRSEGQVAQELVRIGDEFEAYY,-9.362060138556581,False
4636,GQWVREIGAQLGRFGDDLIAQS,-9.361866839010355,False
1580,GRSEYHIIQELRRIGDEAEAYY,-9.361600027215124,False
1626,GRSEFHTGQELIRIGDELEAYY,-9.3614683145473,False
4310,GQWEREIAAYLRRRADLFNAQF,-9.36111950248961,False
1321,GRAELDITQELVRIGDEHNAYY,-9.361071272170145,False
3464,GRAECDTVQELERIGDEIDAYY,-9.360901359480598,False
1526,GRSELDIIQELKRIGDEAQAYY,-9.36068999763942,False
1475,GRGECDITQELERIGDETQAYY,-9.360023581227047,False
50,GRTEGQIIQELTRIGDEVKAYY,-9.359710598790727,False
1454,GRGEYDIAQELVRIGDEYQAYY,-9.359190486994127,False
4563,GQWVREISACLRRCADLINAQF,-9.359158046193775,False
1384,GRAEFEIGQELRRIGDENEAYY,-9.35908536202597,False
51,GRTEGQIIQELERIGDEFDAYY,-9.359023239257873,False
1550,GRSEAEVTQELKRIGDENHAYY,-9.358973557369175,False
1546,GRSEDDAVQELIRIGDELNAYY,-9.358606617944462,False
4195,GQWLREIYAYLRRFADESNAQL,-9.358583624716351,False
3785,GQSACQTVAQLIRMADDFKAQY,-9.358574427914583,False
3438,GRREHHVIQELARIGDEIEAYY,-9.35849853781793,False
1782,WPYGSRIIQELIRIGDEFEAYY,-9.358375588562687,False
3570,GQTAFHITAQLIRMADDFDAQY,-9.357626296323053,False
300,GRPKIWNAQELVRIADEFNTYY,-9.357498789044245,False
195,GRREVHVSQELGRIGDEINAYY,-9.357325411349388,False
196,GRREVHVSQELGRIGDEINAYY,-9.357325411349388,False
915,GRPEHEIVQELRRIGDEVEAYY,-9.356364433091848,False
1569,GRSEVEISQELIRIGDEFNAYY,-9.356159640092827,False
4263,GQWLRENGAQLIRIGDDLITQY,-9.355783453790561,False
1714,GRWEVDTVQELVRIGDENDAYY,-9.355485801326614,False
1588,GRSESHTTQELIRIGDEFNAYY,-9.355472233926095,False
4460,GQWAGEVGAQLGRMADDLETQY,-9.355465195414244,False
3880,GQWTREIDAGLRRIADELNAQS,-9.35511672105374,False
3759,GQSALEIIAQLVRMADDTHAQY,-9.354997859283255,False
68,GRTEVDAAQELIRIGDEFNAYY,-9.354377736771099,False
4565,GQWVREICASLRRGADEANAQV,-9.354114625522149,False
1409,GRGELHIVQELGRIGDEIQAYY,-9.35408835754606,False
2105,GQWIREISAVLRRIADITNAQI,-9.353684314433444,False
3685,GQAACHTAAQLKRMADDVHAQY,-9.352772989952108,False
1444,GRGEYQIVQELRRIGDESHAYY,-9.352733298687586,False
1473,GRGECDTIQELRRIGDEVHAYY,-9.352348012660793,False
993,GRPEIWNAQELIRNGDEFPKYH,-9.35197958700452,False
1490,GRSEHHTIQELTRIGDESHAYY,-9.351381291524842,False
3918,GQWTREISAYLRRCADVANAQF,-9.350879109405737,False
3724,GQGAVQIAAQLKRMADDDEAQY,-9.350713844291754,False
1692,GRWEAETGQELRRIGDELKAYY,-9.350616662068957,False
140,GRTEFDVTQELIRIGDESKAYY,-9.350559988878807,False
1246,GRREHHVTQELVRIGDEYNAYY,-9.350428517452654,False
331,GRPTIWIGQYLRRTGDNYNAYI,-9.350097440845998,False
1487,GRSEHQISQELVRIGDEIQAYY,-9.34982852051416,False
448,GRPIIWISQSLRRLGDILNAYA,-9.349712178592767,False
959,GRPECEITQELKRIGDEYEAYY,-9.349574070722433,False
1602,GRSECQVSQELVRIGDEAKAYY,-9.34936120525815,False
4005,GQWIREIGAQLARYGDDLAKQD,-9.34931253184075,False
3993,GQWIREICAVLRRGADEANAQA,-9.348751454207868,False
4286,GQWLREYGAQLTRFGDDLDEQH,-9.348663638482163,False
1523,GRSELEITQELRRIGDEADAYY,-9.34794306950694,False
1107,GRPVIWIYQILRRCGDVINAYL,-9.347881295475604,False
248,GRQECEVIQELKRIGDEADAYY,-9.34776884044874,False
3807,GQWKREIDAVLRRAADDYNAQT,-9.347482192569554,False
4325,GQWEREISAVLRRIADHHNAQL,-9.34743680412923,False
4621,GQWVLEHGAQLVRRGDDLTKQP,-9.347407175748717,False
314,GRPTIWIDQILRRCGDITNAYS,-9.34720509577618,False
352,GRPTIWISQFLRRFGDVYNAYS,-9.346812874846457,False
23,GRTEREVVQELARIGDEFKAYY,-9.346741549784234,False
1510,GRSERHVTQELIRIGDESNAYY,-9.346364724771089,False
43,GRTEDEIVQELTRIGDETDAYY,-9.346071440899964,False
347,GRPTIWISQLLRRFGDIDNAYF,-9.345837802513287,False
5,GRTEHQTGQELIRIGDEIQAYY,-9.345656365135408,False
44,GRTEDEVSQELKRIGDEVKAYY,-9.345631698372026,False
112,GRTECDIIQELGRIGDEIEAYY,-9.345505899537416,False
419,GRPIIWIYQNLRRLGDMSNAYA,-9.345274962687343,False
1386,GRAEFDTAQELIRIGDEFHAYY,-9.344820212628003,False
2824,GRTEVQISQELRRIGDEVKAYY,-9.343947519745882,False
924,GRPELHVTQELGRIGDEFKAYY,-9.343306812189377,False
240,GRREFHISQELKRIGDETKAYY,-9.343171030546651,False
4087,GQWMREFGAQLGRLADDLTTQS,-9.343140858078105,False
1801,WRSEVQVTQELTRIGDESNAYY,-9.342534018566774,False
1683,GRWEDEVIQELGRIGDEANAYY,-9.342161128870606,False
3913,GQWTREISAILRRSADVFNAQL,-9.341560929620384,False
4245,GQWLREDGAQLARSGDDLDKQY,-9.341341056886362,False
1494,GRSEHETVQELGRIGDEYEAYY,-9.340356327963477,False
1785,WPSIIWIGQILRRAGDLVNAYF,-9.34032179101481,False
1624,GRSEFQVGQELARIGDEDEAYY,-9.340254305604665,False
450,GRPIIWISQILRRIGDLTNAYS,-9.340052474184414,False
949,GRPECQISQELKRIGDEPKAYY,-9.3400088580814,False
4254,GQWLREYGAQLGRVGDDLDKQG,-9.339692479901023,False
1372,GRAECDASQELERIGDEIHAYY,-9.339206800541056,False
144,GRREHETVQELRRIGDEVEAYY,-9.339179700919328,False
264,GRPKIWIYQVLRRAGDQYNAYP,-9.339129565098595,False
1407,GRGELQVAQELVRIGDELHAYY,-9.338756086853627,False
1735,GRWESDIGQELERIGDEFEAYY,-9.338665220578251,False
1351,GRAESEITQELTRIGDEIHAYY,-9.338607954440661,False
3487,GRSEREAGQELGRIGDEYDAYY,-9.338583575359939,False
1309,GRAEHEIGQELVRIGDENQAYY,-9.338058709459627,False
182,GRREADTIQELIRIGDETEAYY,-9.337614826088265,False
961,GRPECDISQELVRIGDEVKAYY,-9.336850970270497,False
1506,GRSERQATQELIRIGDEVEAYY,-9.336825895717263,False
1751,GRWECDISQELERIGDEVDAYY,-9.336764938505091,False
1258,GRRELHIGQELERIGDEFNAYY,-9.33665306281112,False
1774,GGRRKPYLQELIRIGDELDAYY,-9.336442945373122,False
4558,GQWVREISAVLRRCADVLNAQS,-9.336416323939957,False
1278,GRREGHIAQELRRIGDEVQAYY,-9.335810598178655,False
928,GRPEGHTIQELARIGDEPNAYY,-9.335406050887443,False
1457,GRGESHIGQELGRIGDEAEAYY,-9.335287532812,False
76,GRTEYDIVQELVRIGDEVEAYY,-9.335113462988025,False
30,GRTELDIAQELVRIGDEADAYY,-9.335051167610086,False
441,GRPIIWIYQFLRRLGDMVNAYL,-9.334689146010033,False
1518,GRSELQTVQELRRIGDEVDAYY,-9.334133196325553,False
1586,GRSESQIIQELERIGDETNAYY,-9.334087252747377,False
3273,GRPEVHVTQELTRIGDEFDAYY,-9.333982386697533,False
1554,GRSEGQVIQELVRIGDEHQAYY,-9.333732865051829,False
1519,GRSELHAIQELARIGDEFNAYY,-9.333566769893864,False
1482,GRGEFETTQELRRIGDEFQAYY,-9.332087611772128,False
4461,GQWAGDVVAQLKRMADDVEAQY,-9.332012875222581,False
1596,GRSESDITQELGRIGDEIEAYY,-9.331909415435584,False
3365,GRPVIWIGQYLRRSGDLVNAYA,-9.331445577586539,False
434,GRPIIWIYQYLRRSGDLYNAYS,-9.331400842103813,False
116,GRTECDVIQELTRIGDEFDAYY,-9.330183220696592,False
3600,GQPALHVIAQLRRMADDLNAQY,-9.329949360765836,False
3660,GQAAPDVTAQLGRMADDFHAQY,-9.329015512510741,False
3773,GQSAVEAVAQLIRMADDTDAQY,-9.328838990499236,False
3521,GRWESHITQELRRIGDETQAYY,-9.328722018233377,False
92,GRTECHIIQELRRIGDEDHAYY,-9.328527978189195,False
3530,GRWECDVIQELKRIGDESDAYY,-9.328289268882152,False
3750,GQSAHHASAQLTRMADDAKAQY,-9.327643728284992,False
932,GRPEVEITQELTRIGDEIQAYY,-9.326480890975787,False
4567,GQWVREICALLRRSADVVNAQL,-9.325559992386689,False
1708,GRWEVQVSQELTRIGDEINAYY,-9.3251149515692,False
151,GRREPEIAQELTRIGDEYNAYY,-9.325091558740297,False
244,GRREFDITQELVRIGDEFQAYY,-9.32493497193877,False
2583,GQWALHITAQLKRMADDVEAQY,-9.324921746391585,False
1521,GRSELHVSQELTRIGDEIKAYY,-9.324583256100144,False
1479,GRGEFHTAQELIRIGDEVEAYY,-9.322782759699162,False
1542,GRSEDDTSQELIRIGDEVEAYY,-9.32249856149177,False
1585,GRSESQISQELERIGDENEAYY,-9.322462312310552,False
1838,GQRAFHITAQLIRMADDVNAQY,-9.322071937933655,False
3491,GRSELDATQELKRIGDETEAYY,-9.322010979744702,False
3923,GQWTREICAGLRRSADHSNAQV,-9.321923738808202,False
345,GRPTIWISQILRRLGDDVNAYV,-9.321829307705258,False
0,RWPFGSENQELARIGDEVQAYY,-9.321390362433924,False
3039,GRPQIWIAQELRRRADEFIKYD,-9.32138040313701,False
56,GRTEGDTGQELKRIGDELHAYY,-9.321311739837828,False
1677,GRWELEISQELKRIGDEHEAYY,-9.320087386483241,False
4364,GQWERENGAQLTRLADDLAAQG,-9.319584746630877,False
1275,GRREGQIVQELVRIGDEVNAYY,-9.318375692494662,False
1570,GRSEVEVSQELGRIGDEFEAYY,-9.318141764219046,False
1627,GRSEFHISQELKRIGDEIHAYY,-9.31729168602796,False
970,GRPEFDTIQELIRIGDEFQAYY,-9.316674135442724,False
152,GRRERQITQELTRIGDESNAYY,-9.31592909585487,False
47,GRTEADTTQELKRIGDEIQAYY,-9.315676027148779,False
1532,GRSEDQIIQELVRIGDEHEAYY,-9.315630353811905,False
3501,GRWERHTTQELERIGDEIEAYY,-9.315245913280162,False
1773,GGPGTPYRSELGRIGDEINAYY,-9.31472428610585,False
2882,GRPKIWNAQELTRLGDEFPKYD,-9.314598702233685,False
927,GRPEGQTVQELKRIGDEIEAYY,-9.313854142723931,False
139,GRTEFDATQELIRIGDEPEAYY,-9.31362124355606,False
1648,GRWEHDVIQELRRIGDEPHAYY,-9.312247572241645,False
1623,GRSEFQASQELKRIGDELDAYY,-9.31129623035556,False
3864,GQWKRENGAQLIRFGDDLIKQC,-9.31112794519349,False
1504,GRSERQISQELARIGDEYDAYY,-9.309718598105725,False
1121,GRPVIWISQILRRFGDLVNAYV,-9.309397863925234,False
1678,GRWELDTVQELVRIGDESNAYY,-9.309106305495144,False
968,GRPEFHVVQELTRIGDESNAYY,-9.309002317648556,False
3583,GQRAVDIIAQLARMADDHNAQY,-9.307192937854733,False
65,GRTEVDITQELKRIGDEDEAYY,-9.306529079839231,False
317,GRPTIWIDQYLRRSGDVHNAYF,-9.30616902726106,False
3921,GQWTREICAHLRRVADDINAQA,-9.305847254381646,False
1566,GRSEVHVSQELTRIGDEHDAYY,-9.305532246222887,False
247,GRREFDAAQELIRIGDEFHAYY,-9.305365562254828,False
1633,GRSEFDIAQELRRIGDENKAYY,-9.30485233708133,False
3749,GQGAFDASAQTIRMADDINAQY,-9.303203852915043,False
759,GRPLIWIYQYLRRFGDMINAYL,-9.302330927879488,False
3279,GRPECHVSQELVRIGDEDKAYY,-9.301397608140157,False
1877,GQAAFHITAQLIRMADDFEAQY,-9.301187048990222,False
3949,GQWIREIAACLRRSADDHNAQF,-9.300404552237008,False
1327,GRAEDDIVQELKRIGDENQAYY,-9.300080409641673,False
4,AVGNPIPFRNLARIGDEFHAYY,-9.299680310902561,False
1792,WPSEHHVGQELIRIGDEIEAYY,-9.298986807090207,False
1502,GRSEPDAIQELIRIGDEYQAYY,-9.298254877859252,False
341,GRPTIWIYQYLRRSGDVINAYL,-9.297528466180086,False
3,AVGNSKPVRKLRRIGDENQAYY,-9.297076231876336,False
1416,GRGEDDAIQELKRIGDEVHAYY,-9.296926887192855,False
198,GRREVDITQELTRIGDENQAYY,-9.29396178468432,False
1385,GRAEFDTIQELIRIGDELDAYY,-9.293404200961877,False
1404,GRGERQVIQELTRIGDEFNAYY,-9.292531581000226,False
1621,GRSEFQTVQELRRIGDEYDAYY,-9.28986030244025,False
1376,GRAEFQIVQELGRIGDEVEAYY,-9.289846879973876,False
1431,GRGEVQAIQELERIGDEDKAYY,-9.289819669948963,False
3886,GQWTREIAAHLRRGADVNNAQF,-9.289694341146914,False
131,GRTEFETSQELRRIGDELHAYY,-9.289108422971053,False
4652,GQWVREDGAQLRRDGDDLVTQC,-9.288857597958524,False
136,GRTEFDISQELIRIGDEIEAYY,-9.288089684399656,False
926,GRPEDDITQELKRIGDEFHAYY,-9.287596165534236,False
4154,GQWPREIDACLRRAADVANAQF,-9.286853190459038,False
62,GRTEVHIVQELGRIGDELKAYY,-9.286655512749993,False
1671,GRWELQIGQELARIGDEHKAYY,-9.28584800960132,False
2650,GQWAFHVSAQLRRMADDYNAQY,-9.285167064837584,False
1625,GRSEFHTAQELVRIGDELDAYY,-9.28175592280312,False
1798,WPLGIPNSQELIRIGDEIHAYY,-9.280773358728057,False
1525,GRSELEIIQELKRIGDESDAYY,-9.28049536144261,False
1306,GREEAEAGQELGRIGDEYNAYY,-9.27848142665736,False
1368,GRAECEVIQELKRIGDEFEAYY,-9.277761590681193,False
930,GRPEVHVTQELKRIGDEHNAYY,-9.277232343117397,False
3934,GQWIREIDALLRRSADMVNAQF,-9.276162675423947,False
4161,GQWPREIGAGLRRVADEDNAQV,-9.27555724547634,False
939,GRPEYHVVQELKRIGDEHNAYY,-9.274720592560204,False
3729,GQGAYHTGAQLTRMADDFKAQY,-9.273925715831004,False
1499,GRSEHDVIQELIRIGDEHHAYY,-9.272965876307943,False
1527,GRSELDIGQELKRIGDEDNAYY,-9.27276100488386,False
964,GRPECDIGQELERIGDEAHAYY,-9.272730320295123,False
1611,GRSECDITQELRRIGDEVHAYY,-9.272642264398282,False
63,GRTEVEIVQELTRIGDEAQAYY,-9.2716162334155,False
1572,GRSEVEVAQELIRIGDEVHAYY,-9.270122986094023,False
1574,GRSEVDAVQELVRIGDEYNAYY,-9.267930789723193,False
1524,GRSELEISQELRRIGDEYNAYY,-9.26345715246566,False
18,GRTERHTGQELVRIGDEIDAYY,-9.26196719747319,False
340,GRPTIWIYQYLRRIGDNTNAYF,-9.261616229170723,False
337,GRPTIWIYQLLRRFGDLDNAYI,-9.260199244696317,False
1780,WPYGTRTSQELTRIGDEPEAYY,-9.258434075728738,False
4469,GQWAYHTIAQLKRMADDDEAQY,-9.256466054365626,False
1630,GRSEFHVAQELRRIGDEVEAYY,-9.25624908687924,False
113,GRTECDASQELRRIGDEIHAYY,-9.254447657745272,False
437,GRPIIWIYQYLRRFGDVDNAYF,-9.253998636905164,False
4319,GQWEREIYACLRRPADQFNAQL,-9.25373135836493,False
1436,GRGEVDITQELERIGDEVHAYY,-9.252212903517153,False
1497,GRSEHDITQELERIGDEYHAYY,-9.251368133368468,False
1462,GRGECQTSQELVRIGDEYEAYY,-9.249861073055806,False
176,GRREDEIIQELIRIGDENKAYY,-9.248942202639093,False
2037,GQWIREIAASLRRIADQYNAQF,-9.246351782982217,False
916,GRPEHDISQELVRIGDESKAYY,-9.24481184049226,False
1293,GRRECQIIQELVRIGDESDAYY,-9.244807655240905,False
61,GRTEVHIVQELERIGDEFDAYY,-9.234288442145237,False
1461,GRGESDTVQELTRIGDEIEAYY,-9.234178624666173,False
3676,GQAAVHIIAQLRRMADDDEAQY,-9.231633742708906,False
1459,GRGESEVSQELERIGDEFHAYY,-9.230605630265847,False
1565,GRSEVHVTQELIRIGDELEAYY,-9.224960999567687,False
1452,GRGEYEIVQELIRIGDEDEAYY,-9.219223169970883,False
1632,GRSEFEAIQELRRIGDEYNAYY,-9.213487378306084,False
199,GRREVDVSQELTRIGDEYQAYY,-9.210134078170238,False
3916,GQWTREISALLRRGADEFNAQS,-9.209822500499222,False
443,GRPIIWIYQFLRRFGDVLNAYI,-9.204757417147906,False
119,GRTEFQTVQELERIGDEVEAYY,-9.20063334072901,False
1778,VAFGIHTSQELRRIGDEYEAYY,-9.198884972788301,False
3768,GQSAVHISAQLTRMADDDKAQY,-9.196841070666984,False
82,GRTESDTAQELIRIGDEYEAYY,-9.193718910731562,False
944,GRPEYDVSQELIRIGDELKAYY,-9.178892042303056,False
214,GRRESDIAQELGRIGDEVHAYY,-9.178583446475013,False
1421,GRGEADITQELRRIGDEFQAYY,-9.167152147068164,False
1317,GRAELQAIQELIRIGDELDAYY,-9.1236333886857,False
1797,WPLGIHIIQELIRIGDEDKAYY,-9.12288687076872,False
1536,GRSEDQIVQELIRIGDEFNAYY,-9.106534904258387,False
1539,GRSEDEVTQELIRIGDEFEAYY,-9.088502372667383,False
940,GRPEYEITQELGRIGDELDAYY,-9.031933003138112,False
966,GRPEFHAVQELKRIGDESKAYY,-9.026778278725347,False
1312,GRAERETSQELRRIGDEPQAYY,-9.01501594513929,False
1103,GRPVIWIYQILRRTGDVDNAYL,-8.999489392795061,False
37,GRTEDQIVQELGRIGDEFEAYY,-8.92933259875769,False
1618,GRSECDAIQELTRIGDEHKAYY,-8.915995826706297,False
870,GRPEIWMAQFLSRLADQFNAYY,-8.396875943682062,False
869,GRPEIWMAQFLSRLADQFNAYY,-8.392546112846548,False
