sequence,consensus_stability_score
TWQDLVKIAEKALEKGEPITINGITVTTKEQAKQAIEYLKKAY,1.09
TWQDLVKIAEKDLEKGEPITINGITVTTKEQAKQAIEYLKKAY,0.78
TWQDLVKIAEKELEKGEPITINGITVTTKEQAKQAIEYLKKAY,1.02
TWQDLVKIAEKFLEKGEPITINGITVTTKEQAKQAIEYLKKAY,1.08
TWQDLVKIAEKGLEKGEPITINGITVTTKEQAKQAIEYLKKAY,0.82
TWQDLVKIAEKHLEKGEPITINGITVTTKEQAKQAIEYLKKAY,1.08
TWQDLVKIAEKILEKGEPITINGITVTTKEQAKQAIEYLKKAY,1.06
TWQDLVKIAEKKLEKGEPITINGITVTTKEQAKQAIEYLKKAY,1.06
TWQDLVKIAEKLLEKGEPITINGITVTTKEQAKQAIEYLKKAY,1.14
TWQDLVKIAEKMLEKGEPITINGITVTTKEQAKQAIEYLKKAY,1.46
TWQDLVKIAEKNLEKGEPITINGITVTTKEQAKQAIEYLKKAY,0.84
TWQDLVKIAEKPLEKGEPITINGITVTTKEQAKQAIEYLKKAY,0.66
TWQDLVKIAEKQLEKGEPITINGITVTTKEQAKQAIEYLKKAY,1.05
TWQDLVKIAEKRLEKGEPITINGITVTTKEQAKQAIEYLKKAY,1.1
TWQDLVKIAEKSLEKGEPITINGITVTTKEQAKQAIEYLKKAY,0.95
TWQDLVKIAEKTLEKGEPITINGITVTTKEQAKQAIEYLKKAY,0.86
TWQDLVKIAEKVLEKGEPITINGITVTTKEQAKQAIEYLKKAY,1.05
TWQDLVKIAEKWLEKGEPITINGITVTTKEQAKQAIEYLKKAY,1.13
TWQDLVKIAEKYLEKGEPITINGITVTTKEQAKQAIEYLKKAY,1.06
TWQDLVKIAEKALEKGEPITINGITVTTKEQDKQAIEYLKKAY,0.76
TWQDLVKIAEKALEKGEPITINGITVTTKEQEKQAIEYLKKAY,0.74
TWQDLVKIAEKALEKGEPITINGITVTTKEQFKQAIEYLKKAY,1.16
TWQDLVKIAEKALEKGEPITINGITVTTKEQGKQAIEYLKKAY,0.85
TWQDLVKIAEKALEKGEPITINGITVTTKEQHKQAIEYLKKAY,0.8
TWQDLVKIAEKALEKGEPITINGITVTTKEQIKQAIEYLKKAY,1.16
TWQDLVKIAEKALEKGEPITINGITVTTKEQKKQAIEYLKKAY,0.85
TWQDLVKIAEKALEKGEPITINGITVTTKEQLKQAIEYLKKAY,1.18
TWQDLVKIAEKALEKGEPITINGITVTTKEQMKQAIEYLKKAY,1.07
TWQDLVKIAEKALEKGEPITINGITVTTKEQNKQAIEYLKKAY,0.75
TWQDLVKIAEKALEKGEPITINGITVTTKEQPKQAIEYLKKAY,0.52
TWQDLVKIAEKALEKGEPITINGITVTTKEQQKQAIEYLKKAY,0.9
TWQDLVKIAEKALEKGEPITINGITVTTKEQRKQAIEYLKKAY,0.78
TWQDLVKIAEKALEKGEPITINGITVTTKEQSKQAIEYLKKAY,0.79
TWQDLVKIAEKALEKGEPITINGITVTTKEQTKQAIEYLKKAY,0.83
TWQDLVKIAEKALEKGEPITINGITVTTKEQVKQAIEYLKKAY,1.04
TWQDLVKIAEKALEKGEPITINGITVTTKEQWKQAIEYLKKAY,1.16
TWQDLVKIAEKALEKGEPITINGITVTTKEQYKQAIEYLKKAY,1.05
TWQDLVKIAEKALEKGEPITINGITVTTKEQAKQDIEYLKKAY,0.64
TWQDLVKIAEKALEKGEPITINGITVTTKEQAKQEIEYLKKAY,0.99
TWQDLVKIAEKALEKGEPITINGITVTTKEQAKQFIEYLKKAY,1.06
TWQDLVKIAEKALEKGEPITINGITVTTKEQAKQGIEYLKKAY,0.71
TWQDLVKIAEKALEKGEPITINGITVTTKEQAKQHIEYLKKAY,0.91
TWQDLVKIAEKALEKGEPITINGITVTTKEQAKQIIEYLKKAY,1.16
TWQDLVKIAEKALEKGEPITINGITVTTKEQAKQKIEYLKKAY,0.63
TWQDLVKIAEKALEKGEPITINGITVTTKEQAKQLIEYLKKAY,1.09
TWQDLVKIAEKALEKGEPITINGITVTTKEQAKQMIEYLKKAY,1.04
TWQDLVKIAEKALEKGEPITINGITVTTKEQAKQNIEYLKKAY,0.65
TWQDLVKIAEKALEKGEPITINGITVTTKEQAKQPIEYLKKAY,0.44
TWQDLVKIAEKALEKGEPITINGITVTTKEQAKQQIEYLKKAY,1.05
TWQDLVKIAEKALEKGEPITINGITVTTKEQAKQRIEYLKKAY,0.87
TWQDLVKIAEKALEKGEPITINGITVTTKEQAKQSIEYLKKAY,0.71
TWQDLVKIAEKALEKGEPITINGITVTTKEQAKQTIEYLKKAY,0.97
TWQDLVKIAEKALEKGEPITINGITVTTKEQAKQVIEYLKKAY,1.21
TWQDLVKIAEKALEKGEPITINGITVTTKEQAKQWIEYLKKAY,1.21
TWQDLVKIAEKALEKGEPITINGITVTTKEQAKQYIEYLKKAY,1.08
TWQDLVKIAEKALEKGEPITINGITVTTKEQAKQAIEYLKKDY,0.91
TWQDLVKIAEKALEKGEPITINGITVTTKEQAKQAIEYLKKEY,0.89
TWQDLVKIAEKALEKGEPITINGITVTTKEQAKQAIEYLKKFY,1.06
TWQDLVKIAEKALEKGEPITINGITVTTKEQAKQAIEYLKKGY,0.96
TWQDLVKIAEKALEKGEPITINGITVTTKEQAKQAIEYLKKHY,0.97
TWQDLVKIAEKALEKGEPITINGITVTTKEQAKQAIEYLKKIY,1.08
TWQDLVKIAEKALEKGEPITINGITVTTKEQAKQAIEYLKKKY,1.18
TWQDLVKIAEKALEKGEPITINGITVTTKEQAKQAIEYLKKLY,1.08
TWQDLVKIAEKALEKGEPITINGITVTTKEQAKQAIEYLKKMY,1.12
TWQDLVKIAEKALEKGEPITINGITVTTKEQAKQAIEYLKKNY,0.94
TWQDLVKIAEKALEKGEPITINGITVTTKEQAKQAIEYLKKPY,0.79
TWQDLVKIAEKALEKGEPITINGITVTTKEQAKQAIEYLKKQY,1.12
TWQDLVKIAEKALEKGEPITINGITVTTKEQAKQAIEYLKKRY,1.09
TWQDLVKIAEKALEKGEPITINGITVTTKEQAKQAIEYLKKSY,0.87
TWQDLVKIAEKALEKGEPITINGITVTTKEQAKQAIEYLKKTY,0.84
TWQDLVKIAEKALEKGEPITINGITVTTKEQAKQAIEYLKKVY,1.04
TWQDLVKIAEKALEKGEPITINGITVTTKEQAKQAIEYLKKWY,1.12
TWQDLVKIAEKALEKGEPITINGITVTTKEQAKQAIEYLKKYY,1.12
TWQDLVKIDEKALEKGEPITINGITVTTKEQAKQAIEYLKKAY,0.74
TWQDLVKIEEKALEKGEPITINGITVTTKEQAKQAIEYLKKAY,0.76
TWQDLVKIFEKALEKGEPITINGITVTTKEQAKQAIEYLKKAY,1.08
TWQDLVKIGEKALEKGEPITINGITVTTKEQAKQAIEYLKKAY,0.79
TWQDLVKIHEKALEKGEPITINGITVTTKEQAKQAIEYLKKAY,0.8
TWQDLVKIIEKALEKGEPITINGITVTTKEQAKQAIEYLKKAY,1.06
TWQDLVKIKEKALEKGEPITINGITVTTKEQAKQAIEYLKKAY,0.69
TWQDLVKILEKALEKGEPITINGITVTTKEQAKQAIEYLKKAY,1.07
TWQDLVKIMEKALEKGEPITINGITVTTKEQAKQAIEYLKKAY,1.07
TWQDLVKINEKALEKGEPITINGITVTTKEQAKQAIEYLKKAY,0.74
TWQDLVKIPEKALEKGEPITINGITVTTKEQAKQAIEYLKKAY,0.76
TWQDLVKIQEKALEKGEPITINGITVTTKEQAKQAIEYLKKAY,0.76
TWQDLVKIREKALEKGEPITINGITVTTKEQAKQAIEYLKKAY,0.65
TWQDLVKISEKALEKGEPITINGITVTTKEQAKQAIEYLKKAY,0.88
TWQDLVKITEKALEKGEPITINGITVTTKEQAKQAIEYLKKAY,1.03
TWQDLVKIVEKALEKGEPITINGITVTTKEQAKQAIEYLKKAY,1.09
TWQDLVKIWEKALEKGEPITINGITVTTKEQAKQAIEYLKKAY,1.2
TWQDLVKIYEKALEKGEPITINGITVTTKEQAKQAIEYLKKAY,1.09
TWQALVKIAEKALEKGEPITINGITVTTKEQAKQAIEYLKKAY,1.0
TWQELVKIAEKALEKGEPITINGITVTTKEQAKQAIEYLKKAY,1.06
TWQFLVKIAEKALEKGEPITINGITVTTKEQAKQAIEYLKKAY,0.98
TWQGLVKIAEKALEKGEPITINGITVTTKEQAKQAIEYLKKAY,0.79
TWQHLVKIAEKALEKGEPITINGITVTTKEQAKQAIEYLKKAY,0.92
TWQILVKIAEKALEKGEPITINGITVTTKEQAKQAIEYLKKAY,1.06
TWQKLVKIAEKALEKGEPITINGITVTTKEQAKQAIEYLKKAY,0.89
TWQLLVKIAEKALEKGEPITINGITVTTKEQAKQAIEYLKKAY,1.08
TWQMLVKIAEKALEKGEPITINGITVTTKEQAKQAIEYLKKAY,1.09
TWQNLVKIAEKALEKGEPITINGITVTTKEQAKQAIEYLKKAY,0.88
TWQPLVKIAEKALEKGEPITINGITVTTKEQAKQAIEYLKKAY,0.47
TWQQLVKIAEKALEKGEPITINGITVTTKEQAKQAIEYLKKAY,1.08
TWQRLVKIAEKALEKGEPITINGITVTTKEQAKQAIEYLKKAY,0.88
TWQSLVKIAEKALEKGEPITINGITVTTKEQAKQAIEYLKKAY,0.81
TWQTLVKIAEKALEKGEPITINGITVTTKEQAKQAIEYLKKAY,0.83
TWQVLVKIAEKALEKGEPITINGITVTTKEQAKQAIEYLKKAY,1.02
TWQWLVKIAEKALEKGEPITINGITVTTKEQAKQAIEYLKKAY,1.1
TWQYLVKIAEKALEKGEPITINGITVTTKEQAKQAIEYLKKAY,1.03
TWQDLVKIAAKALEKGEPITINGITVTTKEQAKQAIEYLKKAY,1.1
TWQDLVKIADKALEKGEPITINGITVTTKEQAKQAIEYLKKAY,0.83
TWQDLVKIAFKALEKGEPITINGITVTTKEQAKQAIEYLKKAY,1.19
TWQDLVKIAGKALEKGEPITINGITVTTKEQAKQAIEYLKKAY,0.86
TWQDLVKIAHKALEKGEPITINGITVTTKEQAKQAIEYLKKAY,1.03
TWQDLVKIAIKALEKGEPITINGITVTTKEQAKQAIEYLKKAY,1.2
TWQDLVKIAKKALEKGEPITINGITVTTKEQAKQAIEYLKKAY,0.97
TWQDLVKIALKALEKGEPITINGITVTTKEQAKQAIEYLKKAY,1.11
TWQDLVKIAMKALEKGEPITINGITVTTKEQAKQAIEYLKKAY,1.21
TWQDLVKIANKALEKGEPITINGITVTTKEQAKQAIEYLKKAY,1.0
TWQDLVKIAPKALEKGEPITINGITVTTKEQAKQAIEYLKKAY,0.62
TWQDLVKIAQKALEKGEPITINGITVTTKEQAKQAIEYLKKAY,1.09
TWQDLVKIARKALEKGEPITINGITVTTKEQAKQAIEYLKKAY,1.0
TWQDLVKIASKALEKGEPITINGITVTTKEQAKQAIEYLKKAY,0.84
TWQDLVKIATKALEKGEPITINGITVTTKEQAKQAIEYLKKAY,0.96
TWQDLVKIAVKALEKGEPITINGITVTTKEQAKQAIEYLKKAY,1.11
TWQDLVKIAWKALEKGEPITINGITVTTKEQAKQAIEYLKKAY,1.14
TWQDLVKIAYKALEKGEPITINGITVTTKEQAKQAIEYLKKAY,1.2
TWQDLVKIAEKALAKGEPITINGITVTTKEQAKQAIEYLKKAY,1.04
TWQDLVKIAEKALDKGEPITINGITVTTKEQAKQAIEYLKKAY,1.03
TWQDLVKIAEKALFKGEPITINGITVTTKEQAKQAIEYLKKAY,0.97
TWQDLVKIAEKALGKGEPITINGITVTTKEQAKQAIEYLKKAY,0.92
TWQDLVKIAEKALHKGEPITINGITVTTKEQAKQAIEYLKKAY,0.84
TWQDLVKIAEKALIKGEPITINGITVTTKEQAKQAIEYLKKAY,0.95
TWQDLVKIAEKALKKGEPITINGITVTTKEQAKQAIEYLKKAY,0.88
TWQDLVKIAEKALLKGEPITINGITVTTKEQAKQAIEYLKKAY,1.01
TWQDLVKIAEKALMKGEPITINGITVTTKEQAKQAIEYLKKAY,1.02
TWQDLVKIAEKALNKGEPITINGITVTTKEQAKQAIEYLKKAY,0.94
TWQDLVKIAEKALPKGEPITINGITVTTKEQAKQAIEYLKKAY,0.69
TWQDLVKIAEKALQKGEPITINGITVTTKEQAKQAIEYLKKAY,1.04
TWQDLVKIAEKALRKGEPITINGITVTTKEQAKQAIEYLKKAY,0.91
TWQDLVKIAEKALSKGEPITINGITVTTKEQAKQAIEYLKKAY,1.0
TWQDLVKIAEKALTKGEPITINGITVTTKEQAKQAIEYLKKAY,0.88
TWQDLVKIAEKALVKGEPITINGITVTTKEQAKQAIEYLKKAY,0.86
TWQDLVKIAEKALWKGEPITINGITVTTKEQAKQAIEYLKKAY,0.85
TWQDLVKIAEKALYKGEPITINGITVTTKEQAKQAIEYLKKAY,0.84
TWQDLVKIAEKALEKGAPITINGITVTTKEQAKQAIEYLKKAY,1.07
TWQDLVKIAEKALEKGDPITINGITVTTKEQAKQAIEYLKKAY,1.07
TWQDLVKIAEKALEKGFPITINGITVTTKEQAKQAIEYLKKAY,1.14
TWQDLVKIAEKALEKGGPITINGITVTTKEQAKQAIEYLKKAY,1.11
TWQDLVKIAEKALEKGHPITINGITVTTKEQAKQAIEYLKKAY,1.14
TWQDLVKIAEKALEKGIPITINGITVTTKEQAKQAIEYLKKAY,1.16
TWQDLVKIAEKALEKGKPITINGITVTTKEQAKQAIEYLKKAY,1.09
TWQDLVKIAEKALEKGLPITINGITVTTKEQAKQAIEYLKKAY,1.11
TWQDLVKIAEKALEKGMPITINGITVTTKEQAKQAIEYLKKAY,1.09
TWQDLVKIAEKALEKGNPITINGITVTTKEQAKQAIEYLKKAY,1.1
TWQDLVKIAEKALEKGPPITINGITVTTKEQAKQAIEYLKKAY,0.93
TWQDLVKIAEKALEKGQPITINGITVTTKEQAKQAIEYLKKAY,1.12
TWQDLVKIAEKALEKGRPITINGITVTTKEQAKQAIEYLKKAY,1.16
TWQDLVKIAEKALEKGSPITINGITVTTKEQAKQAIEYLKKAY,1.07
TWQDLVKIAEKALEKGTPITINGITVTTKEQAKQAIEYLKKAY,1.07
TWQDLVKIAEKALEKGVPITINGITVTTKEQAKQAIEYLKKAY,1.09
TWQDLVKIAEKALEKGWPITINGITVTTKEQAKQAIEYLKKAY,1.11
TWQDLVKIAEKALEKGYPITINGITVTTKEQAKQAIEYLKKAY,1.09
TWQDLVKIAEKALEKGEPITINGITVTTKAQAKQAIEYLKKAY,1.03
TWQDLVKIAEKALEKGEPITINGITVTTKDQAKQAIEYLKKAY,1.04
TWQDLVKIAEKALEKGEPITINGITVTTKFQAKQAIEYLKKAY,0.89
TWQDLVKIAEKALEKGEPITINGITVTTKGQAKQAIEYLKKAY,0.87
TWQDLVKIAEKALEKGEPITINGITVTTKHQAKQAIEYLKKAY,0.92
TWQDLVKIAEKALEKGEPITINGITVTTKIQAKQAIEYLKKAY,0.88
TWQDLVKIAEKALEKGEPITINGITVTTKKQAKQAIEYLKKAY,0.88
TWQDLVKIAEKALEKGEPITINGITVTTKLQAKQAIEYLKKAY,1.0
TWQDLVKIAEKALEKGEPITINGITVTTKMQAKQAIEYLKKAY,0.89
TWQDLVKIAEKALEKGEPITINGITVTTKNQAKQAIEYLKKAY,0.87
TWQDLVKIAEKALEKGEPITINGITVTTKPQAKQAIEYLKKAY,0.75
TWQDLVKIAEKALEKGEPITINGITVTTKQQAKQAIEYLKKAY,1.04
TWQDLVKIAEKALEKGEPITINGITVTTKRQAKQAIEYLKKAY,0.87
TWQDLVKIAEKALEKGEPITINGITVTTKSQAKQAIEYLKKAY,0.89
TWQDLVKIAEKALEKGEPITINGITVTTKTQAKQAIEYLKKAY,0.85
TWQDLVKIAEKALEKGEPITINGITVTTKVQAKQAIEYLKKAY,0.88
TWQDLVKIAEKALEKGEPITINGITVTTKWQAKQAIEYLKKAY,0.95
TWQDLVKIAEKALEKGEPITINGITVTTKYQAKQAIEYLKKAY,0.93
TWQDLVKIAEKALEKGEPITINGITVTTKEQAKQAIAYLKKAY,1.07
TWQDLVKIAEKALEKGEPITINGITVTTKEQAKQAIDYLKKAY,1.01
TWQDLVKIAEKALEKGEPITINGITVTTKEQAKQAIFYLKKAY,0.94
TWQDLVKIAEKALEKGEPITINGITVTTKEQAKQAIGYLKKAY,0.83
TWQDLVKIAEKALEKGEPITINGITVTTKEQAKQAIHYLKKAY,0.91
TWQDLVKIAEKALEKGEPITINGITVTTKEQAKQAIIYLKKAY,0.98
TWQDLVKIAEKALEKGEPITINGITVTTKEQAKQAIKYLKKAY,0.94
TWQDLVKIAEKALEKGEPITINGITVTTKEQAKQAILYLKKAY,1.05
TWQDLVKIAEKALEKGEPITINGITVTTKEQAKQAIMYLKKAY,1.02
TWQDLVKIAEKALEKGEPITINGITVTTKEQAKQAINYLKKAY,0.96
TWQDLVKIAEKALEKGEPITINGITVTTKEQAKQAIPYLKKAY,0.48
TWQDLVKIAEKALEKGEPITINGITVTTKEQAKQAIQYLKKAY,0.93
TWQDLVKIAEKALEKGEPITINGITVTTKEQAKQAIRYLKKAY,0.98
TWQDLVKIAEKALEKGEPITINGITVTTKEQAKQAISYLKKAY,0.82
TWQDLVKIAEKALEKGEPITINGITVTTKEQAKQAITYLKKAY,0.75
TWQDLVKIAEKALEKGEPITINGITVTTKEQAKQAIVYLKKAY,0.89
TWQDLVKIAEKALEKGEPITINGITVTTKEQAKQAIWYLKKAY,0.94
TWQDLVKIAEKALEKGEPITINGITVTTKEQAKQAIYYLKKAY,0.94
TWQDLVKIAEKALEKAEPITINGITVTTKEQAKQAIEYLKKAY,0.77
TWQDLVKIAEKALEKDEPITINGITVTTKEQAKQAIEYLKKAY,0.83
TWQDLVKIAEKALEKEEPITINGITVTTKEQAKQAIEYLKKAY,0.79
TWQDLVKIAEKALEKFEPITINGITVTTKEQAKQAIEYLKKAY,0.84
TWQDLVKIAEKALEKHEPITINGITVTTKEQAKQAIEYLKKAY,0.84
TWQDLVKIAEKALEKIEPITINGITVTTKEQAKQAIEYLKKAY,0.75
TWQDLVKIAEKALEKKEPITINGITVTTKEQAKQAIEYLKKAY,0.8
TWQDLVKIAEKALEKLEPITINGITVTTKEQAKQAIEYLKKAY,0.84
TWQDLVKIAEKALEKMEPITINGITVTTKEQAKQAIEYLKKAY,0.78
TWQDLVKIAEKALEKNEPITINGITVTTKEQAKQAIEYLKKAY,0.89
TWQDLVKIAEKALEKPEPITINGITVTTKEQAKQAIEYLKKAY,0.69
TWQDLVKIAEKALEKQEPITINGITVTTKEQAKQAIEYLKKAY,0.81
TWQDLVKIAEKALEKREPITINGITVTTKEQAKQAIEYLKKAY,0.57
TWQDLVKIAEKALEKSEPITINGITVTTKEQAKQAIEYLKKAY,0.79
TWQDLVKIAEKALEKTEPITINGITVTTKEQAKQAIEYLKKAY,0.7
TWQDLVKIAEKALEKVEPITINGITVTTKEQAKQAIEYLKKAY,0.78
TWQDLVKIAEKALEKWEPITINGITVTTKEQAKQAIEYLKKAY,0.97
TWQDLVKIAEKALEKYEPITINGITVTTKEQAKQAIEYLKKAY,0.8
TWQDLVKIAEKALEKGEPITINAITVTTKEQAKQAIEYLKKAY,1.68
TWQDLVKIAEKALEKGEPITINDITVTTKEQAKQAIEYLKKAY,0.81
TWQDLVKIAEKALEKGEPITINEITVTTKEQAKQAIEYLKKAY,0.81
TWQDLVKIAEKALEKGEPITINFITVTTKEQAKQAIEYLKKAY,1.37
TWQDLVKIAEKALEKGEPITINHITVTTKEQAKQAIEYLKKAY,0.77
TWQDLVKIAEKALEKGEPITINIITVTTKEQAKQAIEYLKKAY,1.11
TWQDLVKIAEKALEKGEPITINKITVTTKEQAKQAIEYLKKAY,0.76
TWQDLVKIAEKALEKGEPITINLITVTTKEQAKQAIEYLKKAY,1.45
TWQDLVKIAEKALEKGEPITINMITVTTKEQAKQAIEYLKKAY,1.4
TWQDLVKIAEKALEKGEPITINNITVTTKEQAKQAIEYLKKAY,1.05
TWQDLVKIAEKALEKGEPITINPITVTTKEQAKQAIEYLKKAY,0.54
TWQDLVKIAEKALEKGEPITINQITVTTKEQAKQAIEYLKKAY,0.77
TWQDLVKIAEKALEKGEPITINRITVTTKEQAKQAIEYLKKAY,0.56
TWQDLVKIAEKALEKGEPITINSITVTTKEQAKQAIEYLKKAY,0.79
TWQDLVKIAEKALEKGEPITINTITVTTKEQAKQAIEYLKKAY,0.75
TWQDLVKIAEKALEKGEPITINVITVTTKEQAKQAIEYLKKAY,1.44
TWQDLVKIAEKALEKGEPITINWITVTTKEQAKQAIEYLKKAY,1.17
TWQDLVKIAEKALEKGEPITINYITVTTKEQAKQAIEYLKKAY,1.12
TWQDLVKIAEKALEKGEPATINGITVTTKEQAKQAIEYLKKAY,0.84
TWQDLVKIAEKALEKGEPDTINGITVTTKEQAKQAIEYLKKAY,0.38
TWQDLVKIAEKALEKGEPETINGITVTTKEQAKQAIEYLKKAY,0.54
TWQDLVKIAEKALEKGEPFTINGITVTTKEQAKQAIEYLKKAY,1.06
TWQDLVKIAEKALEKGEPGTINGITVTTKEQAKQAIEYLKKAY,0.69
TWQDLVKIAEKALEKGEPHTINGITVTTKEQAKQAIEYLKKAY,0.73
TWQDLVKIAEKALEKGEPKTINGITVTTKEQAKQAIEYLKKAY,0.61
TWQDLVKIAEKALEKGEPLTINGITVTTKEQAKQAIEYLKKAY,1.03
TWQDLVKIAEKALEKGEPMTINGITVTTKEQAKQAIEYLKKAY,0.88
TWQDLVKIAEKALEKGEPNTINGITVTTKEQAKQAIEYLKKAY,0.54
TWQDLVKIAEKALEKGEPPTINGITVTTKEQAKQAIEYLKKAY,0.57
TWQDLVKIAEKALEKGEPQTINGITVTTKEQAKQAIEYLKKAY,0.66
TWQDLVKIAEKALEKGEPRTINGITVTTKEQAKQAIEYLKKAY,0.53
TWQDLVKIAEKALEKGEPSTINGITVTTKEQAKQAIEYLKKAY,0.64
TWQDLVKIAEKALEKGEPTTINGITVTTKEQAKQAIEYLKKAY,0.72
TWQDLVKIAEKALEKGEPVTINGITVTTKEQAKQAIEYLKKAY,0.98
TWQDLVKIAEKALEKGEPWTINGITVTTKEQAKQAIEYLKKAY,0.98
TWQDLVKIAEKALEKGEPYTINGITVTTKEQAKQAIEYLKKAY,0.97
TWQDLVKIAEKALEKGEPITANGITVTTKEQAKQAIEYLKKAY,0.6
TWQDLVKIAEKALEKGEPITDNGITVTTKEQAKQAIEYLKKAY,0.46
TWQDLVKIAEKALEKGEPITENGITVTTKEQAKQAIEYLKKAY,0.48
TWQDLVKIAEKALEKGEPITFNGITVTTKEQAKQAIEYLKKAY,0.8
TWQDLVKIAEKALEKGEPITGNGITVTTKEQAKQAIEYLKKAY,0.53
TWQDLVKIAEKALEKGEPITHNGITVTTKEQAKQAIEYLKKAY,0.63
TWQDLVKIAEKALEKGEPITKNGITVTTKEQAKQAIEYLKKAY,0.61
TWQDLVKIAEKALEKGEPITLNGITVTTKEQAKQAIEYLKKAY,1.01
TWQDLVKIAEKALEKGEPITMNGITVTTKEQAKQAIEYLKKAY,0.8
TWQDLVKIAEKALEKGEPITNNGITVTTKEQAKQAIEYLKKAY,0.54
TWQDLVKIAEKALEKGEPITPNGITVTTKEQAKQAIEYLKKAY,0.57
TWQDLVKIAEKALEKGEPITQNGITVTTKEQAKQAIEYLKKAY,0.49
TWQDLVKIAEKALEKGEPITRNGITVTTKEQAKQAIEYLKKAY,0.52
TWQDLVKIAEKALEKGEPITSNGITVTTKEQAKQAIEYLKKAY,0.59
TWQDLVKIAEKALEKGEPITTNGITVTTKEQAKQAIEYLKKAY,0.57
TWQDLVKIAEKALEKGEPITVNGITVTTKEQAKQAIEYLKKAY,0.97
TWQDLVKIAEKALEKGEPITWNGITVTTKEQAKQAIEYLKKAY,0.75
TWQDLVKIAEKALEKGEPITYNGITVTTKEQAKQAIEYLKKAY,0.75
TWQDLVKIAEKALEKGEPITINGATVTTKEQAKQAIEYLKKAY,1.01
TWQDLVKIAEKALEKGEPITINGDTVTTKEQAKQAIEYLKKAY,0.79
TWQDLVKIAEKALEKGEPITINGETVTTKEQAKQAIEYLKKAY,1.01
TWQDLVKIAEKALEKGEPITINGFTVTTKEQAKQAIEYLKKAY,1.06
TWQDLVKIAEKALEKGEPITINGGTVTTKEQAKQAIEYLKKAY,0.79
TWQDLVKIAEKALEKGEPITINGHTVTTKEQAKQAIEYLKKAY,1.04
TWQDLVKIAEKALEKGEPITINGKTVTTKEQAKQAIEYLKKAY,1.01
TWQDLVKIAEKALEKGEPITINGLTVTTKEQAKQAIEYLKKAY,1.05
TWQDLVKIAEKALEKGEPITINGMTVTTKEQAKQAIEYLKKAY,1.06
TWQDLVKIAEKALEKGEPITINGNTVTTKEQAKQAIEYLKKAY,0.96
TWQDLVKIAEKALEKGEPITINGPTVTTKEQAKQAIEYLKKAY,0.52
TWQDLVKIAEKALEKGEPITINGQTVTTKEQAKQAIEYLKKAY,1.04
TWQDLVKIAEKALEKGEPITINGRTVTTKEQAKQAIEYLKKAY,0.89
TWQDLVKIAEKALEKGEPITINGSTVTTKEQAKQAIEYLKKAY,0.86
TWQDLVKIAEKALEKGEPITINGTTVTTKEQAKQAIEYLKKAY,1.04
TWQDLVKIAEKALEKGEPITINGVTVTTKEQAKQAIEYLKKAY,1.05
TWQDLVKIAEKALEKGEPITINGWTVTTKEQAKQAIEYLKKAY,1.05
TWQDLVKIAEKALEKGEPITINGYTVTTKEQAKQAIEYLKKAY,1.05
TWQDLVKIAEKALEKGEPITINGITVTTKEQAKQAAEYLKKAY,0.78
TWQDLVKIAEKALEKGEPITINGITVTTKEQAKQADEYLKKAY,0.64
TWQDLVKIAEKALEKGEPITINGITVTTKEQAKQAEEYLKKAY,0.73
TWQDLVKIAEKALEKGEPITINGITVTTKEQAKQAFEYLKKAY,1.07
TWQDLVKIAEKALEKGEPITINGITVTTKEQAKQAGEYLKKAY,0.58
TWQDLVKIAEKALEKGEPITINGITVTTKEQAKQAHEYLKKAY,0.74
TWQDLVKIAEKALEKGEPITINGITVTTKEQAKQAKEYLKKAY,0.59
TWQDLVKIAEKALEKGEPITINGITVTTKEQAKQALEYLKKAY,1.05
TWQDLVKIAEKALEKGEPITINGITVTTKEQAKQAMEYLKKAY,1.05
TWQDLVKIAEKALEKGEPITINGITVTTKEQAKQANEYLKKAY,0.52
TWQDLVKIAEKALEKGEPITINGITVTTKEQAKQAPEYLKKAY,0.28
TWQDLVKIAEKALEKGEPITINGITVTTKEQAKQAQEYLKKAY,0.68
TWQDLVKIAEKALEKGEPITINGITVTTKEQAKQAREYLKKAY,0.72
TWQDLVKIAEKALEKGEPITINGITVTTKEQAKQASEYLKKAY,0.62
TWQDLVKIAEKALEKGEPITINGITVTTKEQAKQATEYLKKAY,0.61
TWQDLVKIAEKALEKGEPITINGITVTTKEQAKQAVEYLKKAY,1.05
TWQDLVKIAEKALEKGEPITINGITVTTKEQAKQAWEYLKKAY,1.08
TWQDLVKIAEKALEKGEPITINGITVTTKEQAKQAYEYLKKAY,1.05
TWQDLVKAAEKALEKGEPITINGITVTTKEQAKQAIEYLKKAY,1.02
TWQDLVKDAEKALEKGEPITINGITVTTKEQAKQAIEYLKKAY,1.0
TWQDLVKEAEKALEKGEPITINGITVTTKEQAKQAIEYLKKAY,1.02
TWQDLVKFAEKALEKGEPITINGITVTTKEQAKQAIEYLKKAY,1.2
TWQDLVKGAEKALEKGEPITINGITVTTKEQAKQAIEYLKKAY,0.82
TWQDLVKHAEKALEKGEPITINGITVTTKEQAKQAIEYLKKAY,1.03
TWQDLVKKAEKALEKGEPITINGITVTTKEQAKQAIEYLKKAY,1.08
TWQDLVKLAEKALEKGEPITINGITVTTKEQAKQAIEYLKKAY,1.08
TWQDLVKMAEKALEKGEPITINGITVTTKEQAKQAIEYLKKAY,1.06
TWQDLVKNAEKALEKGEPITINGITVTTKEQAKQAIEYLKKAY,1.0
TWQDLVKPAEKALEKGEPITINGITVTTKEQAKQAIEYLKKAY,0.72
TWQDLVKQAEKALEKGEPITINGITVTTKEQAKQAIEYLKKAY,1.03
TWQDLVKRAEKALEKGEPITINGITVTTKEQAKQAIEYLKKAY,0.88
TWQDLVKSAEKALEKGEPITINGITVTTKEQAKQAIEYLKKAY,1.0
TWQDLVKTAEKALEKGEPITINGITVTTKEQAKQAIEYLKKAY,0.92
TWQDLVKVAEKALEKGEPITINGITVTTKEQAKQAIEYLKKAY,1.03
TWQDLVKWAEKALEKGEPITINGITVTTKEQAKQAIEYLKKAY,1.17
TWQDLVKYAEKALEKGEPITINGITVTTKEQAKQAIEYLKKAY,1.07
TWQDLVKIAEAALEKGEPITINGITVTTKEQAKQAIEYLKKAY,1.03
TWQDLVKIAEDALEKGEPITINGITVTTKEQAKQAIEYLKKAY,1.04
TWQDLVKIAEEALEKGEPITINGITVTTKEQAKQAIEYLKKAY,1.03
TWQDLVKIAEFALEKGEPITINGITVTTKEQAKQAIEYLKKAY,1.27
TWQDLVKIAEGALEKGEPITINGITVTTKEQAKQAIEYLKKAY,1.0
TWQDLVKIAEHALEKGEPITINGITVTTKEQAKQAIEYLKKAY,1.03
TWQDLVKIAEIALEKGEPITINGITVTTKEQAKQAIEYLKKAY,1.03
TWQDLVKIAELALEKGEPITINGITVTTKEQAKQAIEYLKKAY,1.05
TWQDLVKIAEMALEKGEPITINGITVTTKEQAKQAIEYLKKAY,1.03
TWQDLVKIAENALEKGEPITINGITVTTKEQAKQAIEYLKKAY,1.04
TWQDLVKIAEPALEKGEPITINGITVTTKEQAKQAIEYLKKAY,0.69
TWQDLVKIAEQALEKGEPITINGITVTTKEQAKQAIEYLKKAY,1.03
TWQDLVKIAERALEKGEPITINGITVTTKEQAKQAIEYLKKAY,1.12
TWQDLVKIAESALEKGEPITINGITVTTKEQAKQAIEYLKKAY,1.01
TWQDLVKIAETALEKGEPITINGITVTTKEQAKQAIEYLKKAY,1.02
TWQDLVKIAEVALEKGEPITINGITVTTKEQAKQAIEYLKKAY,1.04
TWQDLVKIAEWALEKGEPITINGITVTTKEQAKQAIEYLKKAY,1.25
TWQDLVKIAEYALEKGEPITINGITVTTKEQAKQAIEYLKKAY,1.14
TWQDLVKIAEKALEAGEPITINGITVTTKEQAKQAIEYLKKAY,1.06
TWQDLVKIAEKALEDGEPITINGITVTTKEQAKQAIEYLKKAY,1.02
TWQDLVKIAEKALEEGEPITINGITVTTKEQAKQAIEYLKKAY,1.02
TWQDLVKIAEKALEFGEPITINGITVTTKEQAKQAIEYLKKAY,1.02
TWQDLVKIAEKALEGGEPITINGITVTTKEQAKQAIEYLKKAY,1.03
TWQDLVKIAEKALEHGEPITINGITVTTKEQAKQAIEYLKKAY,1.04
TWQDLVKIAEKALEIGEPITINGITVTTKEQAKQAIEYLKKAY,1.02
TWQDLVKIAEKALELGEPITINGITVTTKEQAKQAIEYLKKAY,1.04
TWQDLVKIAEKALEMGEPITINGITVTTKEQAKQAIEYLKKAY,1.04
TWQDLVKIAEKALENGEPITINGITVTTKEQAKQAIEYLKKAY,1.03
TWQDLVKIAEKALEPGEPITINGITVTTKEQAKQAIEYLKKAY,0.76
TWQDLVKIAEKALEQGEPITINGITVTTKEQAKQAIEYLKKAY,1.03
TWQDLVKIAEKALERGEPITINGITVTTKEQAKQAIEYLKKAY,1.08
TWQDLVKIAEKALESGEPITINGITVTTKEQAKQAIEYLKKAY,1.04
TWQDLVKIAEKALETGEPITINGITVTTKEQAKQAIEYLKKAY,1.02
TWQDLVKIAEKALEVGEPITINGITVTTKEQAKQAIEYLKKAY,1.0
TWQDLVKIAEKALEWGEPITINGITVTTKEQAKQAIEYLKKAY,1.03
TWQDLVKIAEKALEYGEPITINGITVTTKEQAKQAIEYLKKAY,1.03
TWQDLVKIAEKALEKGEPITINGITVTTAEQAKQAIEYLKKAY,1.05
TWQDLVKIAEKALEKGEPITINGITVTTDEQAKQAIEYLKKAY,1.05
TWQDLVKIAEKALEKGEPITINGITVTTEEQAKQAIEYLKKAY,1.04
TWQDLVKIAEKALEKGEPITINGITVTTFEQAKQAIEYLKKAY,1.06
TWQDLVKIAEKALEKGEPITINGITVTTGEQAKQAIEYLKKAY,1.04
TWQDLVKIAEKALEKGEPITINGITVTTHEQAKQAIEYLKKAY,1.04
TWQDLVKIAEKALEKGEPITINGITVTTIEQAKQAIEYLKKAY,1.08
TWQDLVKIAEKALEKGEPITINGITVTTLEQAKQAIEYLKKAY,1.05
TWQDLVKIAEKALEKGEPITINGITVTTMEQAKQAIEYLKKAY,1.07
TWQDLVKIAEKALEKGEPITINGITVTTNEQAKQAIEYLKKAY,1.04
TWQDLVKIAEKALEKGEPITINGITVTTPEQAKQAIEYLKKAY,1.08
TWQDLVKIAEKALEKGEPITINGITVTTQEQAKQAIEYLKKAY,1.0
TWQDLVKIAEKALEKGEPITINGITVTTREQAKQAIEYLKKAY,1.06
TWQDLVKIAEKALEKGEPITINGITVTTSEQAKQAIEYLKKAY,1.04
TWQDLVKIAEKALEKGEPITINGITVTTTEQAKQAIEYLKKAY,1.06
TWQDLVKIAEKALEKGEPITINGITVTTVEQAKQAIEYLKKAY,1.07
TWQDLVKIAEKALEKGEPITINGITVTTWEQAKQAIEYLKKAY,1.04
TWQDLVKIAEKALEKGEPITINGITVTTYEQAKQAIEYLKKAY,1.05
TWQDLVKIAEKALEKGEPITINGITVTTKEQAAQAIEYLKKAY,1.03
TWQDLVKIAEKALEKGEPITINGITVTTKEQADQAIEYLKKAY,1.03
TWQDLVKIAEKALEKGEPITINGITVTTKEQAEQAIEYLKKAY,1.03
TWQDLVKIAEKALEKGEPITINGITVTTKEQAFQAIEYLKKAY,1.05
TWQDLVKIAEKALEKGEPITINGITVTTKEQAGQAIEYLKKAY,0.98
TWQDLVKIAEKALEKGEPITINGITVTTKEQAHQAIEYLKKAY,1.04
TWQDLVKIAEKALEKGEPITINGITVTTKEQAIQAIEYLKKAY,1.05
TWQDLVKIAEKALEKGEPITINGITVTTKEQALQAIEYLKKAY,1.06
TWQDLVKIAEKALEKGEPITINGITVTTKEQAMQAIEYLKKAY,1.06
TWQDLVKIAEKALEKGEPITINGITVTTKEQANQAIEYLKKAY,1.03
TWQDLVKIAEKALEKGEPITINGITVTTKEQAPQAIEYLKKAY,0.6
TWQDLVKIAEKALEKGEPITINGITVTTKEQAQQAIEYLKKAY,1.14
TWQDLVKIAEKALEKGEPITINGITVTTKEQARQAIEYLKKAY,1.12
TWQDLVKIAEKALEKGEPITINGITVTTKEQASQAIEYLKKAY,1.03
TWQDLVKIAEKALEKGEPITINGITVTTKEQATQAIEYLKKAY,1.03
TWQDLVKIAEKALEKGEPITINGITVTTKEQAVQAIEYLKKAY,1.05
TWQDLVKIAEKALEKGEPITINGITVTTKEQAWQAIEYLKKAY,1.09
TWQDLVKIAEKALEKGEPITINGITVTTKEQAYQAIEYLKKAY,1.05
TWQDLVKIAEKALEKGEPITINGITVTTKEQAKQAIEYLAKAY,0.97
TWQDLVKIAEKALEKGEPITINGITVTTKEQAKQAIEYLDKAY,0.82
TWQDLVKIAEKALEKGEPITINGITVTTKEQAKQAIEYLEKAY,0.88
TWQDLVKIAEKALEKGEPITINGITVTTKEQAKQAIEYLFKAY,1.25
TWQDLVKIAEKALEKGEPITINGITVTTKEQAKQAIEYLGKAY,0.89
TWQDLVKIAEKALEKGEPITINGITVTTKEQAKQAIEYLHKAY,0.96
TWQDLVKIAEKALEKGEPITINGITVTTKEQAKQAIEYLIKAY,1.07
TWQDLVKIAEKALEKGEPITINGITVTTKEQAKQAIEYLLKAY,1.14
TWQDLVKIAEKALEKGEPITINGITVTTKEQAKQAIEYLMKAY,1.11
TWQDLVKIAEKALEKGEPITINGITVTTKEQAKQAIEYLNKAY,0.89
TWQDLVKIAEKALEKGEPITINGITVTTKEQAKQAIEYLPKAY,0.55
TWQDLVKIAEKALEKGEPITINGITVTTKEQAKQAIEYLQKAY,0.97
TWQDLVKIAEKALEKGEPITINGITVTTKEQAKQAIEYLRKAY,1.23
TWQDLVKIAEKALEKGEPITINGITVTTKEQAKQAIEYLSKAY,0.8
TWQDLVKIAEKALEKGEPITINGITVTTKEQAKQAIEYLTKAY,0.81
TWQDLVKIAEKALEKGEPITINGITVTTKEQAKQAIEYLVKAY,1.01
TWQDLVKIAEKALEKGEPITINGITVTTKEQAKQAIEYLWKAY,1.41
TWQDLVKIAEKALEKGEPITINGITVTTKEQAKQAIEYLYKAY,1.2
TWQDLVKIAEKALEKGEPITINGITVTTKEQAKQAIEYLKAAY,0.95
TWQDLVKIAEKALEKGEPITINGITVTTKEQAKQAIEYLKDAY,0.85
TWQDLVKIAEKALEKGEPITINGITVTTKEQAKQAIEYLKEAY,0.87
TWQDLVKIAEKALEKGEPITINGITVTTKEQAKQAIEYLKFAY,0.94
TWQDLVKIAEKALEKGEPITINGITVTTKEQAKQAIEYLKGAY,0.9
TWQDLVKIAEKALEKGEPITINGITVTTKEQAKQAIEYLKHAY,0.97
TWQDLVKIAEKALEKGEPITINGITVTTKEQAKQAIEYLKIAY,0.99
TWQDLVKIAEKALEKGEPITINGITVTTKEQAKQAIEYLKLAY,0.99
TWQDLVKIAEKALEKGEPITINGITVTTKEQAKQAIEYLKMAY,0.95
TWQDLVKIAEKALEKGEPITINGITVTTKEQAKQAIEYLKNAY,0.97
TWQDLVKIAEKALEKGEPITINGITVTTKEQAKQAIEYLKPAY,0.8
TWQDLVKIAEKALEKGEPITINGITVTTKEQAKQAIEYLKQAY,1.0
TWQDLVKIAEKALEKGEPITINGITVTTKEQAKQAIEYLKRAY,1.22
TWQDLVKIAEKALEKGEPITINGITVTTKEQAKQAIEYLKSAY,0.81
TWQDLVKIAEKALEKGEPITINGITVTTKEQAKQAIEYLKTAY,0.81
TWQDLVKIAEKALEKGEPITINGITVTTKEQAKQAIEYLKVAY,0.92
TWQDLVKIAEKALEKGEPITINGITVTTKEQAKQAIEYLKWAY,1.03
TWQDLVKIAEKALEKGEPITINGITVTTKEQAKQAIEYLKYAY,0.91
TWQDLVAIAEKALEKGEPITINGITVTTKEQAKQAIEYLKKAY,1.04
TWQDLVDIAEKALEKGEPITINGITVTTKEQAKQAIEYLKKAY,1.04
TWQDLVEIAEKALEKGEPITINGITVTTKEQAKQAIEYLKKAY,1.05
TWQDLVFIAEKALEKGEPITINGITVTTKEQAKQAIEYLKKAY,1.05
TWQDLVGIAEKALEKGEPITINGITVTTKEQAKQAIEYLKKAY,1.03
TWQDLVHIAEKALEKGEPITINGITVTTKEQAKQAIEYLKKAY,1.03
TWQDLVIIAEKALEKGEPITINGITVTTKEQAKQAIEYLKKAY,1.04
TWQDLVLIAEKALEKGEPITINGITVTTKEQAKQAIEYLKKAY,1.14
TWQDLVMIAEKALEKGEPITINGITVTTKEQAKQAIEYLKKAY,1.05
TWQDLVNIAEKALEKGEPITINGITVTTKEQAKQAIEYLKKAY,1.05
TWQDLVPIAEKALEKGEPITINGITVTTKEQAKQAIEYLKKAY,0.82
TWQDLVQIAEKALEKGEPITINGITVTTKEQAKQAIEYLKKAY,1.04
TWQDLVRIAEKALEKGEPITINGITVTTKEQAKQAIEYLKKAY,1.08
TWQDLVSIAEKALEKGEPITINGITVTTKEQAKQAIEYLKKAY,1.01
TWQDLVTIAEKALEKGEPITINGITVTTKEQAKQAIEYLKKAY,1.03
TWQDLVVIAEKALEKGEPITINGITVTTKEQAKQAIEYLKKAY,1.04
TWQDLVWIAEKALEKGEPITINGITVTTKEQAKQAIEYLKKAY,1.13
TWQDLVYIAEKALEKGEPITINGITVTTKEQAKQAIEYLKKAY,1.05
TWQDLVKIAEKAAEKGEPITINGITVTTKEQAKQAIEYLKKAY,1.02
TWQDLVKIAEKADEKGEPITINGITVTTKEQAKQAIEYLKKAY,0.69
TWQDLVKIAEKAEEKGEPITINGITVTTKEQAKQAIEYLKKAY,0.76
TWQDLVKIAEKAFEKGEPITINGITVTTKEQAKQAIEYLKKAY,1.04
TWQDLVKIAEKAGEKGEPITINGITVTTKEQAKQAIEYLKKAY,0.76
TWQDLVKIAEKAHEKGEPITINGITVTTKEQAKQAIEYLKKAY,0.81
TWQDLVKIAEKAIEKGEPITINGITVTTKEQAKQAIEYLKKAY,1.07
TWQDLVKIAEKAKEKGEPITINGITVTTKEQAKQAIEYLKKAY,0.8
TWQDLVKIAEKAMEKGEPITINGITVTTKEQAKQAIEYLKKAY,1.04
TWQDLVKIAEKANEKGEPITINGITVTTKEQAKQAIEYLKKAY,0.78
TWQDLVKIAEKAPEKGEPITINGITVTTKEQAKQAIEYLKKAY,0.64
TWQDLVKIAEKAQEKGEPITINGITVTTKEQAKQAIEYLKKAY,0.78
TWQDLVKIAEKAREKGEPITINGITVTTKEQAKQAIEYLKKAY,0.76
TWQDLVKIAEKASEKGEPITINGITVTTKEQAKQAIEYLKKAY,0.78
TWQDLVKIAEKATEKGEPITINGITVTTKEQAKQAIEYLKKAY,0.79
TWQDLVKIAEKAVEKGEPITINGITVTTKEQAKQAIEYLKKAY,1.04
TWQDLVKIAEKAWEKGEPITINGITVTTKEQAKQAIEYLKKAY,1.02
TWQDLVKIAEKAYEKGEPITINGITVTTKEQAKQAIEYLKKAY,1.01
TWQDLVKIAEKALEKGEPITINGITVTTKEQAKQAIEYAKKAY,0.78
TWQDLVKIAEKALEKGEPITINGITVTTKEQAKQAIEYDKKAY,0.62
TWQDLVKIAEKALEKGEPITINGITVTTKEQAKQAIEYEKKAY,0.61
TWQDLVKIAEKALEKGEPITINGITVTTKEQAKQAIEYFKKAY,1.07
TWQDLVKIAEKALEKGEPITINGITVTTKEQAKQAIEYGKKAY,0.66
TWQDLVKIAEKALEKGEPITINGITVTTKEQAKQAIEYHKKAY,0.59
TWQDLVKIAEKALEKGEPITINGITVTTKEQAKQAIEYIKKAY,1.01
TWQDLVKIAEKALEKGEPITINGITVTTKEQAKQAIEYKKKAY,0.58
TWQDLVKIAEKALEKGEPITINGITVTTKEQAKQAIEYMKKAY,1.01
TWQDLVKIAEKALEKGEPITINGITVTTKEQAKQAIEYNKKAY,0.57
TWQDLVKIAEKALEKGEPITINGITVTTKEQAKQAIEYPKKAY,0.57
TWQDLVKIAEKALEKGEPITINGITVTTKEQAKQAIEYQKKAY,0.65
TWQDLVKIAEKALEKGEPITINGITVTTKEQAKQAIEYRKKAY,0.56
TWQDLVKIAEKALEKGEPITINGITVTTKEQAKQAIEYSKKAY,0.49
TWQDLVKIAEKALEKGEPITINGITVTTKEQAKQAIEYTKKAY,0.5
TWQDLVKIAEKALEKGEPITINGITVTTKEQAKQAIEYVKKAY,0.86
TWQDLVKIAEKALEKGEPITINGITVTTKEQAKQAIEYWKKAY,1.06
TWQDLVKIAEKALEKGEPITINGITVTTKEQAKQAIEYYKKAY,1.05
TWQDAVKIAEKALEKGEPITINGITVTTKEQAKQAIEYLKKAY,0.92
TWQDDVKIAEKALEKGEPITINGITVTTKEQAKQAIEYLKKAY,0.72
TWQDEVKIAEKALEKGEPITINGITVTTKEQAKQAIEYLKKAY,0.77
TWQDFVKIAEKALEKGEPITINGITVTTKEQAKQAIEYLKKAY,1.05
TWQDGVKIAEKALEKGEPITINGITVTTKEQAKQAIEYLKKAY,0.77
TWQDHVKIAEKALEKGEPITINGITVTTKEQAKQAIEYLKKAY,0.74
TWQDIVKIAEKALEKGEPITINGITVTTKEQAKQAIEYLKKAY,1.03
TWQDKVKIAEKALEKGEPITINGITVTTKEQAKQAIEYLKKAY,0.55
TWQDMVKIAEKALEKGEPITINGITVTTKEQAKQAIEYLKKAY,1.01
TWQDNVKIAEKALEKGEPITINGITVTTKEQAKQAIEYLKKAY,0.67
TWQDPVKIAEKALEKGEPITINGITVTTKEQAKQAIEYLKKAY,0.7
TWQDQVKIAEKALEKGEPITINGITVTTKEQAKQAIEYLKKAY,0.8
TWQDRVKIAEKALEKGEPITINGITVTTKEQAKQAIEYLKKAY,0.63
TWQDSVKIAEKALEKGEPITINGITVTTKEQAKQAIEYLKKAY,0.71
TWQDTVKIAEKALEKGEPITINGITVTTKEQAKQAIEYLKKAY,0.7
TWQDVVKIAEKALEKGEPITINGITVTTKEQAKQAIEYLKKAY,1.05
TWQDWVKIAEKALEKGEPITINGITVTTKEQAKQAIEYLKKAY,1.06
TWQDYVKIAEKALEKGEPITINGITVTTKEQAKQAIEYLKKAY,1.03
TWQDLVKIAEKALEKGEPITIAGITVTTKEQAKQAIEYLKKAY,1.15
TWQDLVKIAEKALEKGEPITIDGITVTTKEQAKQAIEYLKKAY,1.03
TWQDLVKIAEKALEKGEPITIEGITVTTKEQAKQAIEYLKKAY,1.0
TWQDLVKIAEKALEKGEPITIFGITVTTKEQAKQAIEYLKKAY,1.3
TWQDLVKIAEKALEKGEPITIGGITVTTKEQAKQAIEYLKKAY,1.05
TWQDLVKIAEKALEKGEPITIHGITVTTKEQAKQAIEYLKKAY,1.07
TWQDLVKIAEKALEKGEPITIIGITVTTKEQAKQAIEYLKKAY,1.03
TWQDLVKIAEKALEKGEPITIKGITVTTKEQAKQAIEYLKKAY,0.99
TWQDLVKIAEKALEKGEPITILGITVTTKEQAKQAIEYLKKAY,1.2
TWQDLVKIAEKALEKGEPITIMGITVTTKEQAKQAIEYLKKAY,1.05
TWQDLVKIAEKALEKGEPITIPGITVTTKEQAKQAIEYLKKAY,0.83
TWQDLVKIAEKALEKGEPITIQGITVTTKEQAKQAIEYLKKAY,1.03
TWQDLVKIAEKALEKGEPITIRGITVTTKEQAKQAIEYLKKAY,1.05
TWQDLVKIAEKALEKGEPITISGITVTTKEQAKQAIEYLKKAY,1.02
TWQDLVKIAEKALEKGEPITITGITVTTKEQAKQAIEYLKKAY,1.12
TWQDLVKIAEKALEKGEPITIVGITVTTKEQAKQAIEYLKKAY,1.24
TWQDLVKIAEKALEKGEPITIWGITVTTKEQAKQAIEYLKKAY,1.04
TWQDLVKIAEKALEKGEPITIYGITVTTKEQAKQAIEYLKKAY,1.29
TWQDLVKIAEKALEKGEAITINGITVTTKEQAKQAIEYLKKAY,1.06
TWQDLVKIAEKALEKGEDITINGITVTTKEQAKQAIEYLKKAY,0.97
TWQDLVKIAEKALEKGEEITINGITVTTKEQAKQAIEYLKKAY,1.03
TWQDLVKIAEKALEKGEFITINGITVTTKEQAKQAIEYLKKAY,1.06
TWQDLVKIAEKALEKGEGITINGITVTTKEQAKQAIEYLKKAY,1.03
TWQDLVKIAEKALEKGEHITINGITVTTKEQAKQAIEYLKKAY,1.06
TWQDLVKIAEKALEKGEIITINGITVTTKEQAKQAIEYLKKAY,1.19
TWQDLVKIAEKALEKGEKITINGITVTTKEQAKQAIEYLKKAY,1.12
TWQDLVKIAEKALEKGELITINGITVTTKEQAKQAIEYLKKAY,1.07
TWQDLVKIAEKALEKGEMITINGITVTTKEQAKQAIEYLKKAY,1.07
TWQDLVKIAEKALEKGENITINGITVTTKEQAKQAIEYLKKAY,1.06
TWQDLVKIAEKALEKGEQITINGITVTTKEQAKQAIEYLKKAY,1.07
TWQDLVKIAEKALEKGERITINGITVTTKEQAKQAIEYLKKAY,1.09
TWQDLVKIAEKALEKGESITINGITVTTKEQAKQAIEYLKKAY,1.07
TWQDLVKIAEKALEKGETITINGITVTTKEQAKQAIEYLKKAY,1.06
TWQDLVKIAEKALEKGEVITINGITVTTKEQAKQAIEYLKKAY,1.06
TWQDLVKIAEKALEKGEWITINGITVTTKEQAKQAIEYLKKAY,1.05
TWQDLVKIAEKALEKGEYITINGITVTTKEQAKQAIEYLKKAY,1.06
TWQDLVKIAEKALEKGEPITINGITVTTKEAAKQAIEYLKKAY,1.04
TWQDLVKIAEKALEKGEPITINGITVTTKEDAKQAIEYLKKAY,1.03
TWQDLVKIAEKALEKGEPITINGITVTTKEEAKQAIEYLKKAY,1.04
TWQDLVKIAEKALEKGEPITINGITVTTKEFAKQAIEYLKKAY,1.06
TWQDLVKIAEKALEKGEPITINGITVTTKEGAKQAIEYLKKAY,1.04
TWQDLVKIAEKALEKGEPITINGITVTTKEHAKQAIEYLKKAY,1.04
TWQDLVKIAEKALEKGEPITINGITVTTKEIAKQAIEYLKKAY,1.04
TWQDLVKIAEKALEKGEPITINGITVTTKEKAKQAIEYLKKAY,0.9
TWQDLVKIAEKALEKGEPITINGITVTTKELAKQAIEYLKKAY,1.05
TWQDLVKIAEKALEKGEPITINGITVTTKEMAKQAIEYLKKAY,1.05
TWQDLVKIAEKALEKGEPITINGITVTTKENAKQAIEYLKKAY,0.95
TWQDLVKIAEKALEKGEPITINGITVTTKEPAKQAIEYLKKAY,0.67
TWQDLVKIAEKALEKGEPITINGITVTTKERAKQAIEYLKKAY,0.8
TWQDLVKIAEKALEKGEPITINGITVTTKESAKQAIEYLKKAY,1.02
TWQDLVKIAEKALEKGEPITINGITVTTKETAKQAIEYLKKAY,1.02
TWQDLVKIAEKALEKGEPITINGITVTTKEVAKQAIEYLKKAY,1.02
TWQDLVKIAEKALEKGEPITINGITVTTKEWAKQAIEYLKKAY,1.07
TWQDLVKIAEKALEKGEPITINGITVTTKEYAKQAIEYLKKAY,1.03
TWQDLVKIAEKALEKGEPITINGITVTTKEQAKAAIEYLKKAY,1.07
TWQDLVKIAEKALEKGEPITINGITVTTKEQAKDAIEYLKKAY,1.04
TWQDLVKIAEKALEKGEPITINGITVTTKEQAKEAIEYLKKAY,1.06
TWQDLVKIAEKALEKGEPITINGITVTTKEQAKFAIEYLKKAY,1.08
TWQDLVKIAEKALEKGEPITINGITVTTKEQAKGAIEYLKKAY,0.86
TWQDLVKIAEKALEKGEPITINGITVTTKEQAKHAIEYLKKAY,1.02
TWQDLVKIAEKALEKGEPITINGITVTTKEQAKIAIEYLKKAY,1.06
TWQDLVKIAEKALEKGEPITINGITVTTKEQAKKAIEYLKKAY,1.08
TWQDLVKIAEKALEKGEPITINGITVTTKEQAKLAIEYLKKAY,1.07
TWQDLVKIAEKALEKGEPITINGITVTTKEQAKMAIEYLKKAY,1.05
TWQDLVKIAEKALEKGEPITINGITVTTKEQAKNAIEYLKKAY,1.05
TWQDLVKIAEKALEKGEPITINGITVTTKEQAKPAIEYLKKAY,0.61
TWQDLVKIAEKALEKGEPITINGITVTTKEQAKRAIEYLKKAY,1.18
TWQDLVKIAEKALEKGEPITINGITVTTKEQAKSAIEYLKKAY,1.03
TWQDLVKIAEKALEKGEPITINGITVTTKEQAKTAIEYLKKAY,1.36
TWQDLVKIAEKALEKGEPITINGITVTTKEQAKVAIEYLKKAY,1.05
TWQDLVKIAEKALEKGEPITINGITVTTKEQAKWAIEYLKKAY,1.29
TWQDLVKIAEKALEKGEPITINGITVTTKEQAKYAIEYLKKAY,1.09
TWADLVKIAEKALEKGEPITINGITVTTKEQAKQAIEYLKKAY,1.03
TWDDLVKIAEKALEKGEPITINGITVTTKEQAKQAIEYLKKAY,1.14
TWEDLVKIAEKALEKGEPITINGITVTTKEQAKQAIEYLKKAY,1.13
TWFDLVKIAEKALEKGEPITINGITVTTKEQAKQAIEYLKKAY,1.03
TWGDLVKIAEKALEKGEPITINGITVTTKEQAKQAIEYLKKAY,1.04
TWHDLVKIAEKALEKGEPITINGITVTTKEQAKQAIEYLKKAY,1.02
TWIDLVKIAEKALEKGEPITINGITVTTKEQAKQAIEYLKKAY,1.01
TWKDLVKIAEKALEKGEPITINGITVTTKEQAKQAIEYLKKAY,1.02
TWLDLVKIAEKALEKGEPITINGITVTTKEQAKQAIEYLKKAY,1.06
TWMDLVKIAEKALEKGEPITINGITVTTKEQAKQAIEYLKKAY,1.05
TWNDLVKIAEKALEKGEPITINGITVTTKEQAKQAIEYLKKAY,1.07
TWPDLVKIAEKALEKGEPITINGITVTTKEQAKQAIEYLKKAY,0.86
TWRDLVKIAEKALEKGEPITINGITVTTKEQAKQAIEYLKKAY,1.02
TWSDLVKIAEKALEKGEPITINGITVTTKEQAKQAIEYLKKAY,1.03
TWTDLVKIAEKALEKGEPITINGITVTTKEQAKQAIEYLKKAY,1.03
TWVDLVKIAEKALEKGEPITINGITVTTKEQAKQAIEYLKKAY,1.0
TWWDLVKIAEKALEKGEPITINGITVTTKEQAKQAIEYLKKAY,1.04
TWYDLVKIAEKALEKGEPITINGITVTTKEQAKQAIEYLKKAY,1.02
AWQDLVKIAEKALEKGEPITINGITVTTKEQAKQAIEYLKKAY,1.06
DWQDLVKIAEKALEKGEPITINGITVTTKEQAKQAIEYLKKAY,1.04
EWQDLVKIAEKALEKGEPITINGITVTTKEQAKQAIEYLKKAY,1.05
FWQDLVKIAEKALEKGEPITINGITVTTKEQAKQAIEYLKKAY,1.05
GWQDLVKIAEKALEKGEPITINGITVTTKEQAKQAIEYLKKAY,0.98
HWQDLVKIAEKALEKGEPITINGITVTTKEQAKQAIEYLKKAY,1.04
IWQDLVKIAEKALEKGEPITINGITVTTKEQAKQAIEYLKKAY,1.06
KWQDLVKIAEKALEKGEPITINGITVTTKEQAKQAIEYLKKAY,0.96
LWQDLVKIAEKALEKGEPITINGITVTTKEQAKQAIEYLKKAY,1.06
MWQDLVKIAEKALEKGEPITINGITVTTKEQAKQAIEYLKKAY,1.07
NWQDLVKIAEKALEKGEPITINGITVTTKEQAKQAIEYLKKAY,1.04
PWQDLVKIAEKALEKGEPITINGITVTTKEQAKQAIEYLKKAY,1.04
QWQDLVKIAEKALEKGEPITINGITVTTKEQAKQAIEYLKKAY,1.02
RWQDLVKIAEKALEKGEPITINGITVTTKEQAKQAIEYLKKAY,0.9
SWQDLVKIAEKALEKGEPITINGITVTTKEQAKQAIEYLKKAY,1.06
VWQDLVKIAEKALEKGEPITINGITVTTKEQAKQAIEYLKKAY,1.04
WWQDLVKIAEKALEKGEPITINGITVTTKEQAKQAIEYLKKAY,1.07
YWQDLVKIAEKALEKGEPITINGITVTTKEQAKQAIEYLKKAY,1.08
TWQDLVKIAEKALEKGEPIAINGITVTTKEQAKQAIEYLKKAY,1.02
TWQDLVKIAEKALEKGEPIDINGITVTTKEQAKQAIEYLKKAY,0.88
TWQDLVKIAEKALEKGEPIEINGITVTTKEQAKQAIEYLKKAY,1.03
TWQDLVKIAEKALEKGEPIFINGITVTTKEQAKQAIEYLKKAY,1.02
TWQDLVKIAEKALEKGEPIGINGITVTTKEQAKQAIEYLKKAY,0.8
TWQDLVKIAEKALEKGEPIHINGITVTTKEQAKQAIEYLKKAY,1.02
TWQDLVKIAEKALEKGEPIIINGITVTTKEQAKQAIEYLKKAY,1.06
TWQDLVKIAEKALEKGEPIKINGITVTTKEQAKQAIEYLKKAY,1.06
TWQDLVKIAEKALEKGEPILINGITVTTKEQAKQAIEYLKKAY,1.07
TWQDLVKIAEKALEKGEPIMINGITVTTKEQAKQAIEYLKKAY,1.0
TWQDLVKIAEKALEKGEPININGITVTTKEQAKQAIEYLKKAY,1.07
TWQDLVKIAEKALEKGEPIPINGITVTTKEQAKQAIEYLKKAY,0.76
TWQDLVKIAEKALEKGEPIQINGITVTTKEQAKQAIEYLKKAY,1.01
TWQDLVKIAEKALEKGEPIRINGITVTTKEQAKQAIEYLKKAY,0.96
TWQDLVKIAEKALEKGEPISINGITVTTKEQAKQAIEYLKKAY,1.07
TWQDLVKIAEKALEKGEPIVINGITVTTKEQAKQAIEYLKKAY,1.08
TWQDLVKIAEKALEKGEPIWINGITVTTKEQAKQAIEYLKKAY,1.06
TWQDLVKIAEKALEKGEPIYINGITVTTKEQAKQAIEYLKKAY,1.04
TWQDLVKIAEKALEKGEPITINGIAVTTKEQAKQAIEYLKKAY,1.05
TWQDLVKIAEKALEKGEPITINGIDVTTKEQAKQAIEYLKKAY,0.92
TWQDLVKIAEKALEKGEPITINGIEVTTKEQAKQAIEYLKKAY,1.05
TWQDLVKIAEKALEKGEPITINGIFVTTKEQAKQAIEYLKKAY,1.29
TWQDLVKIAEKALEKGEPITINGIGVTTKEQAKQAIEYLKKAY,0.92
TWQDLVKIAEKALEKGEPITINGIHVTTKEQAKQAIEYLKKAY,1.05
TWQDLVKIAEKALEKGEPITINGIIVTTKEQAKQAIEYLKKAY,1.26
TWQDLVKIAEKALEKGEPITINGIKVTTKEQAKQAIEYLKKAY,1.07
TWQDLVKIAEKALEKGEPITINGILVTTKEQAKQAIEYLKKAY,1.32
TWQDLVKIAEKALEKGEPITINGIMVTTKEQAKQAIEYLKKAY,1.18
TWQDLVKIAEKALEKGEPITINGINVTTKEQAKQAIEYLKKAY,1.05
TWQDLVKIAEKALEKGEPITINGIPVTTKEQAKQAIEYLKKAY,1.02
TWQDLVKIAEKALEKGEPITINGIQVTTKEQAKQAIEYLKKAY,1.13
TWQDLVKIAEKALEKGEPITINGIRVTTKEQAKQAIEYLKKAY,1.07
TWQDLVKIAEKALEKGEPITINGISVTTKEQAKQAIEYLKKAY,1.04
TWQDLVKIAEKALEKGEPITINGIVVTTKEQAKQAIEYLKKAY,1.33
TWQDLVKIAEKALEKGEPITINGIWVTTKEQAKQAIEYLKKAY,1.26
TWQDLVKIAEKALEKGEPITINGIYVTTKEQAKQAIEYLKKAY,1.1
TWQDLVKIAEKALEKGEPITINGITVATKEQAKQAIEYLKKAY,1.06
TWQDLVKIAEKALEKGEPITINGITVDTKEQAKQAIEYLKKAY,0.97
TWQDLVKIAEKALEKGEPITINGITVETKEQAKQAIEYLKKAY,1.04
TWQDLVKIAEKALEKGEPITINGITVFTKEQAKQAIEYLKKAY,1.16
TWQDLVKIAEKALEKGEPITINGITVGTKEQAKQAIEYLKKAY,1.07
TWQDLVKIAEKALEKGEPITINGITVHTKEQAKQAIEYLKKAY,1.08
TWQDLVKIAEKALEKGEPITINGITVITKEQAKQAIEYLKKAY,1.05
TWQDLVKIAEKALEKGEPITINGITVKTKEQAKQAIEYLKKAY,1.06
TWQDLVKIAEKALEKGEPITINGITVLTKEQAKQAIEYLKKAY,1.06
TWQDLVKIAEKALEKGEPITINGITVMTKEQAKQAIEYLKKAY,1.05
TWQDLVKIAEKALEKGEPITINGITVNTKEQAKQAIEYLKKAY,1.06
TWQDLVKIAEKALEKGEPITINGITVPTKEQAKQAIEYLKKAY,1.29
TWQDLVKIAEKALEKGEPITINGITVQTKEQAKQAIEYLKKAY,1.02
TWQDLVKIAEKALEKGEPITINGITVRTKEQAKQAIEYLKKAY,1.07
TWQDLVKIAEKALEKGEPITINGITVSTKEQAKQAIEYLKKAY,1.05
TWQDLVKIAEKALEKGEPITINGITVVTKEQAKQAIEYLKKAY,1.05
TWQDLVKIAEKALEKGEPITINGITVWTKEQAKQAIEYLKKAY,1.08
TWQDLVKIAEKALEKGEPITINGITVYTKEQAKQAIEYLKKAY,1.07
TWQDLVKIAEKALEKGEPITINGITVTAKEQAKQAIEYLKKAY,0.88
TWQDLVKIAEKALEKGEPITINGITVTDKEQAKQAIEYLKKAY,1.05
TWQDLVKIAEKALEKGEPITINGITVTEKEQAKQAIEYLKKAY,0.97
TWQDLVKIAEKALEKGEPITINGITVTFKEQAKQAIEYLKKAY,0.94
TWQDLVKIAEKALEKGEPITINGITVTGKEQAKQAIEYLKKAY,1.01
TWQDLVKIAEKALEKGEPITINGITVTHKEQAKQAIEYLKKAY,0.93
TWQDLVKIAEKALEKGEPITINGITVTIKEQAKQAIEYLKKAY,0.94
TWQDLVKIAEKALEKGEPITINGITVTKKEQAKQAIEYLKKAY,0.83
TWQDLVKIAEKALEKGEPITINGITVTLKEQAKQAIEYLKKAY,1.03
TWQDLVKIAEKALEKGEPITINGITVTMKEQAKQAIEYLKKAY,0.92
TWQDLVKIAEKALEKGEPITINGITVTNKEQAKQAIEYLKKAY,1.06
TWQDLVKIAEKALEKGEPITINGITVTPKEQAKQAIEYLKKAY,0.82
TWQDLVKIAEKALEKGEPITINGITVTQKEQAKQAIEYLKKAY,0.89
TWQDLVKIAEKALEKGEPITINGITVTRKEQAKQAIEYLKKAY,0.81
TWQDLVKIAEKALEKGEPITINGITVTSKEQAKQAIEYLKKAY,1.05
TWQDLVKIAEKALEKGEPITINGITVTVKEQAKQAIEYLKKAY,0.82
TWQDLVKIAEKALEKGEPITINGITVTWKEQAKQAIEYLKKAY,0.95
TWQDLVKIAEKALEKGEPITINGITVTYKEQAKQAIEYLKKAY,0.78
TWQDLVKIAEKALEKGEPITINGITATTKEQAKQAIEYLKKAY,0.95
TWQDLVKIAEKALEKGEPITINGITDTTKEQAKQAIEYLKKAY,0.66
TWQDLVKIAEKALEKGEPITINGITETTKEQAKQAIEYLKKAY,0.69
TWQDLVKIAEKALEKGEPITINGITFTTKEQAKQAIEYLKKAY,1.03
TWQDLVKIAEKALEKGEPITINGITGTTKEQAKQAIEYLKKAY,0.72
TWQDLVKIAEKALEKGEPITINGITHTTKEQAKQAIEYLKKAY,0.92
TWQDLVKIAEKALEKGEPITINGITITTKEQAKQAIEYLKKAY,1.05
TWQDLVKIAEKALEKGEPITINGITKTTKEQAKQAIEYLKKAY,0.65
TWQDLVKIAEKALEKGEPITINGITLTTKEQAKQAIEYLKKAY,1.04
TWQDLVKIAEKALEKGEPITINGITMTTKEQAKQAIEYLKKAY,1.02
TWQDLVKIAEKALEKGEPITINGITNTTKEQAKQAIEYLKKAY,0.67
TWQDLVKIAEKALEKGEPITINGITPTTKEQAKQAIEYLKKAY,0.84
TWQDLVKIAEKALEKGEPITINGITQTTKEQAKQAIEYLKKAY,0.76
TWQDLVKIAEKALEKGEPITINGITRTTKEQAKQAIEYLKKAY,0.6
TWQDLVKIAEKALEKGEPITINGITSTTKEQAKQAIEYLKKAY,0.8
TWQDLVKIAEKALEKGEPITINGITTTTKEQAKQAIEYLKKAY,0.79
TWQDLVKIAEKALEKGEPITINGITWTTKEQAKQAIEYLKKAY,0.96
TWQDLVKIAEKALEKGEPITINGITYTTKEQAKQAIEYLKKAY,1.07
TWQDLAKIAEKALEKGEPITINGITVTTKEQAKQAIEYLKKAY,1.03
TWQDLDKIAEKALEKGEPITINGITVTTKEQAKQAIEYLKKAY,0.97
TWQDLEKIAEKALEKGEPITINGITVTTKEQAKQAIEYLKKAY,1.08
TWQDLFKIAEKALEKGEPITINGITVTTKEQAKQAIEYLKKAY,1.22
TWQDLGKIAEKALEKGEPITINGITVTTKEQAKQAIEYLKKAY,0.91
TWQDLHKIAEKALEKGEPITINGITVTTKEQAKQAIEYLKKAY,1.04
TWQDLIKIAEKALEKGEPITINGITVTTKEQAKQAIEYLKKAY,1.07
TWQDLKKIAEKALEKGEPITINGITVTTKEQAKQAIEYLKKAY,0.84
TWQDLLKIAEKALEKGEPITINGITVTTKEQAKQAIEYLKKAY,1.17
TWQDLMKIAEKALEKGEPITINGITVTTKEQAKQAIEYLKKAY,1.11
TWQDLNKIAEKALEKGEPITINGITVTTKEQAKQAIEYLKKAY,0.88
TWQDLPKIAEKALEKGEPITINGITVTTKEQAKQAIEYLKKAY,0.71
TWQDLQKIAEKALEKGEPITINGITVTTKEQAKQAIEYLKKAY,1.05
TWQDLRKIAEKALEKGEPITINGITVTTKEQAKQAIEYLKKAY,0.82
TWQDLSKIAEKALEKGEPITINGITVTTKEQAKQAIEYLKKAY,0.95
TWQDLTKIAEKALEKGEPITINGITVTTKEQAKQAIEYLKKAY,1.01
TWQDLWKIAEKALEKGEPITINGITVTTKEQAKQAIEYLKKAY,1.35
TWQDLYKIAEKALEKGEPITINGITVTTKEQAKQAIEYLKKAY,1.37
TAQDLVKIAEKALEKGEPITINGITVTTKEQAKQAIEYLKKAY,0.78
TDQDLVKIAEKALEKGEPITINGITVTTKEQAKQAIEYLKKAY,0.81
TEQDLVKIAEKALEKGEPITINGITVTTKEQAKQAIEYLKKAY,0.82
TFQDLVKIAEKALEKGEPITINGITVTTKEQAKQAIEYLKKAY,0.97
TGQDLVKIAEKALEKGEPITINGITVTTKEQAKQAIEYLKKAY,0.7
THQDLVKIAEKALEKGEPITINGITVTTKEQAKQAIEYLKKAY,0.77
TIQDLVKIAEKALEKGEPITINGITVTTKEQAKQAIEYLKKAY,0.97
TKQDLVKIAEKALEKGEPITINGITVTTKEQAKQAIEYLKKAY,0.68
TLQDLVKIAEKALEKGEPITINGITVTTKEQAKQAIEYLKKAY,1.02
TMQDLVKIAEKALEKGEPITINGITVTTKEQAKQAIEYLKKAY,0.83
TNQDLVKIAEKALEKGEPITINGITVTTKEQAKQAIEYLKKAY,0.69
TPQDLVKIAEKALEKGEPITINGITVTTKEQAKQAIEYLKKAY,0.74
TQQDLVKIAEKALEKGEPITINGITVTTKEQAKQAIEYLKKAY,0.73
TRQDLVKIAEKALEKGEPITINGITVTTKEQAKQAIEYLKKAY,0.63
TSQDLVKIAEKALEKGEPITINGITVTTKEQAKQAIEYLKKAY,0.72
TTQDLVKIAEKALEKGEPITINGITVTTKEQAKQAIEYLKKAY,0.77
TVQDLVKIAEKALEKGEPITINGITVTTKEQAKQAIEYLKKAY,0.85
TYQDLVKIAEKALEKGEPITINGITVTTKEQAKQAIEYLKKAY,0.9
TWQDLVKIAEKALEKGEPITINGITVTTKEQAKQAIEALKKAY,0.97
TWQDLVKIAEKALEKGEPITINGITVTTKEQAKQAIEDLKKAY,0.93
TWQDLVKIAEKALEKGEPITINGITVTTKEQAKQAIEELKKAY,0.9
TWQDLVKIAEKALEKGEPITINGITVTTKEQAKQAIEFLKKAY,1.08
TWQDLVKIAEKALEKGEPITINGITVTTKEQAKQAIEGLKKAY,0.93
TWQDLVKIAEKALEKGEPITINGITVTTKEQAKQAIEHLKKAY,0.99
TWQDLVKIAEKALEKGEPITINGITVTTKEQAKQAIEILKKAY,1.01
TWQDLVKIAEKALEKGEPITINGITVTTKEQAKQAIEKLKKAY,1.03
TWQDLVKIAEKALEKGEPITINGITVTTKEQAKQAIELLKKAY,1.06
TWQDLVKIAEKALEKGEPITINGITVTTKEQAKQAIEMLKKAY,1.02
TWQDLVKIAEKALEKGEPITINGITVTTKEQAKQAIENLKKAY,0.95
TWQDLVKIAEKALEKGEPITINGITVTTKEQAKQAIEPLKKAY,0.58
TWQDLVKIAEKALEKGEPITINGITVTTKEQAKQAIEQLKKAY,0.96
TWQDLVKIAEKALEKGEPITINGITVTTKEQAKQAIERLKKAY,1.03
TWQDLVKIAEKALEKGEPITINGITVTTKEQAKQAIESLKKAY,0.87
TWQDLVKIAEKALEKGEPITINGITVTTKEQAKQAIETLKKAY,0.88
TWQDLVKIAEKALEKGEPITINGITVTTKEQAKQAIEVLKKAY,1.0
TWQDLVKIAEKALEKGEPITINGITVTTKEQAKQAIEWLKKAY,1.11
TWQDLVKIAEKALEKGEPITINGITVTTKEQAKQAIEYLKKAA,1.08
TWQDLVKIAEKALEKGEPITINGITVTTKEQAKQAIEYLKKAD,0.96
TWQDLVKIAEKALEKGEPITINGITVTTKEQAKQAIEYLKKAE,0.96
TWQDLVKIAEKALEKGEPITINGITVTTKEQAKQAIEYLKKAF,1.05
TWQDLVKIAEKALEKGEPITINGITVTTKEQAKQAIEYLKKAG,1.01
TWQDLVKIAEKALEKGEPITINGITVTTKEQAKQAIEYLKKAH,1.03
TWQDLVKIAEKALEKGEPITINGITVTTKEQAKQAIEYLKKAI,1.1
TWQDLVKIAEKALEKGEPITINGITVTTKEQAKQAIEYLKKAK,0.83
TWQDLVKIAEKALEKGEPITINGITVTTKEQAKQAIEYLKKAL,1.09
TWQDLVKIAEKALEKGEPITINGITVTTKEQAKQAIEYLKKAM,1.12
TWQDLVKIAEKALEKGEPITINGITVTTKEQAKQAIEYLKKAN,0.99
TWQDLVKIAEKALEKGEPITINGITVTTKEQAKQAIEYLKKAP,0.8
TWQDLVKIAEKALEKGEPITINGITVTTKEQAKQAIEYLKKAQ,1.01
TWQDLVKIAEKALEKGEPITINGITVTTKEQAKQAIEYLKKAR,0.81
TWQDLVKIAEKALEKGEPITINGITVTTKEQAKQAIEYLKKAS,0.91
TWQDLVKIAEKALEKGEPITINGITVTTKEQAKQAIEYLKKAT,0.86
TWQDLVKIAEKALEKGEPITINGITVTTKEQAKQAIEYLKKAV,1.03
TWQDLVKIAEKALEKGEPITINGITVTTKEQAKQAIEYLKKAW,1.08
